id	conversation_id	created_at	date	time	timezone	user_id	username	name	place	tweet	language	mentions	urls	photos	replies_count	retweets_count	likes_count	hashtags	cashtags	link	retweet	quote_url	video	thumbnail	near	geo	source	user_rt_id	user_rt	retweet_id	reply_to	retweet_date	translate	trans_src	trans_dest
1334949569294200834	1334949569294200834	2020-12-04 14:55:54 -05	2020-12-04	14:55:54	-0500	17548080	diarioelheraldo	Diario El Heraldo		#Lo√öltimo Desde que la pandemia fue detectada en China en diciembre de 2019, se han registrado en todo el mundo 65.202.960 casos y 1.507.480 muertos, seg√∫n un recuento de la AFP este viernes  #pandemia #coronavirus #COVID19  https://t.co/IXgVGGnF7g	es	[]	[]	['https://pbs.twimg.com/media/EoaxjJ2W4AonER0.jpg']	0	0	1	['lo√∫ltimo', 'pandemia', 'coronavirus', 'covid19']	[]	https://twitter.com/diarioelheraldo/status/1334949569294200834	False		1	https://pbs.twimg.com/media/EoaxjJ2W4AonER0.jpg	Honduras,Tegucigalpa						[]				
1334938057473216514	1334938057473216514	2020-12-04 14:10:09 -05	2020-12-04	14:10:09	-0500	17548080	diarioelheraldo	Diario El Heraldo		La ma√±ana de este viernes, el doctor Carlos Uma√±a confirm√≥ en su cuenta de Twitter que ya suman 26 casos de leptospirosis en la zona norte de Honduras. ¬°Tome nota y #comparta!   #Honduras #zonanorte #leptospirosis #Eta #IOTA  https://t.co/Pfcw5i0ZEz	es	[]	[]	['https://pbs.twimg.com/media/EoanFIiWEAQFwCx.jpg']	0	2	3	['comparta', 'honduras', 'zonanorte', 'leptospirosis', 'eta', 'iota']	[]	https://twitter.com/diarioelheraldo/status/1334938057473216514	False		1	https://pbs.twimg.com/media/EoanFIiWEAQFwCx.jpg	Honduras,Tegucigalpa						[]				
1334915057571000325	1334915057571000325	2020-12-04 12:38:45 -05	2020-12-04	12:38:45	-0500	58046607	procesodigital	Proceso Digital		#Salud - Sala de pediatr√≠a del Hospital Escuela reporta 11 casos de dengue  https://t.co/9ZyQn9d5iI  https://t.co/bpQGDsbKYc	es	[]	['https://bit.ly/2VAIPby']	['https://pbs.twimg.com/media/EoaSGYNXIAEyo5N.jpg']	0	0	0	['salud']	[]	https://twitter.com/ProcesoDigital/status/1334915057571000325	False		1	https://pbs.twimg.com/media/EoaSGYNXIAEyo5N.jpg	Honduras,Tegucigalpa						[]				
1334902532921954304	1334902532921954304	2020-12-04 11:48:59 -05	2020-12-04	11:48:59	-0500	94437807	hondudiario	Hondudiario.com		Sinager ejecuta operativos en terminales de transporte para detectar casos de Covid-19 -  https://t.co/QuK3XR8kWE  https://t.co/eo0E96xWVj	es	[]	['https://bit.ly/33G5XtC']	['https://pbs.twimg.com/media/EoaGx5XU0AAjIUU.jpg']	0	0	0	[]	[]	https://twitter.com/hondudiario/status/1334902532921954304	False		1	https://pbs.twimg.com/media/EoaGx5XU0AAjIUU.jpg	Honduras,Tegucigalpa						[]				
1334901623173373954	1334901623173373954	2020-12-04 11:45:22 -05	2020-12-04	11:45:22	-0500	1161699834	aristidesj05	Felipa Mendez Lara.		UNO O DOS DESCUARTIZADORES ANDAN SUELTOS - DOS CASOS DE JOVENES  DE ARRAIJ√ÅN RYCE Y COLVIN  https://t.co/DbKZU0YomU a trav√©s de @PanamaPress	es	[{'screen_name': 'panamapress', 'name': 'panama press', 'id': '900827280259379200'}]	['https://panamapress.com.pa/uno-o-dos-descuartizadores-andan-sueltos-dos-casos-de-jovenes-de-arraijan-ryce-y-colvin/']	[]	0	0	0	[]	[]	https://twitter.com/aristidesj05/status/1334901623173373954	False		0		Honduras,Tegucigalpa						[]				
1334855537670942721	1334849708225925120	2020-12-04 08:42:15 -05	2020-12-04	08:42:15	-0500	322958097	xavilopez23	Juan üá≠üá≥		@xavi_azucena Jajajaja nunca, menos en grupos de trabajo ü§£ no me imagino preguntando a mis alumnos: majes, ya habilit√© el enlace para que suban los 70 ejercicios o casos de MTK ü§£	es	[]	[]	[]	1	0	1	[]	[]	https://twitter.com/xavilopez23/status/1334855537670942721	False		0		Honduras,Tegucigalpa						[{'screen_name': 'xavi_azucena', 'name': 'Fabiola Valeriano', 'id': '566812484'}]				
1334725377823010816	1334725377823010816	2020-12-04 00:05:02 -05	2020-12-04	00:05:02	-0500	245627657	kberm_long	M'üíæ		Alguien sabe si reportan casos de Covid en Utila, es para una tarea	es	[]	[]	[]	0	0	0	[]	[]	https://twitter.com/Kberm_long/status/1334725377823010816	False		0		Honduras,Tegucigalpa						[]				
1334671493888929794	1334671493888929794	2020-12-03 20:30:55 -05	2020-12-03	20:30:55	-0500	58046607	procesodigital	Proceso Digital		Autoridades confirman 616 casos de COVID-19 sumando un total de 109,760 a nivel nacional. #Honduras #TuSaludEst√°EnTusMano  https://t.co/qHb9aTEYen	es	[]	[]	['https://pbs.twimg.com/media/EoW0pouXUAAyfJ_.jpg']	0	0	1	['honduras', 'tusaludest√°entusmano']	[]	https://twitter.com/ProcesoDigital/status/1334671493888929794	False		1	https://pbs.twimg.com/media/EoW0pouXUAAyfJ_.jpg	Honduras,Tegucigalpa						[]				
1334668781755502594	1334668781755502594	2020-12-03 20:20:09 -05	2020-12-03	20:20:09	-0500	1289658651423182849	girasol_tv	Girasol TV		"#UltimaHora | Sinager reporta 616 nuevos casos. El doctor Contreras ha advertido en sus redes sociales que son ""cifras que nos dicen que no es momento de confiarnos"".  #GirasolMedios  https://t.co/LCpCiaBbzn"	es	[]	[]	['https://pbs.twimg.com/media/EoWyLzaXIAM8Wdu.jpg']	0	0	0	['ultimahora', 'girasolmedios']	[]	https://twitter.com/girasol_tv/status/1334668781755502594	False		1	https://pbs.twimg.com/media/EoWyLzaXIAM8Wdu.jpg	Honduras,Tegucigalpa						[]				
1334668735982997504	1334668735982997504	2020-12-03 20:19:58 -05	2020-12-03	20:19:58	-0500	94437807	hondudiario	Hondudiario.com		‚ÄúLO √öLTIMO‚Äù: Sinager confirma 616 casos de Covid-19 para este mi√©rcoles, sumando un total de 109,760 contagios a nivel nacional.   Adem√°s, se reportan 8 nuevas muertes, elevando las v√≠ctimas a 2,938. Los recuperados ya suman 48,953 en el acumulado.  https://t.co/AaBEMUTkUt	es	[]	[]	['https://pbs.twimg.com/media/EoWyISGXUAArCRd.png']	0	0	1	[]	[]	https://twitter.com/hondudiario/status/1334668735982997504	False		1	https://pbs.twimg.com/media/EoWyISGXUAArCRd.png	Honduras,Tegucigalpa						[]				
1334666069835976704	1334666069835976704	2020-12-03 20:09:22 -05	2020-12-03	20:09:22	-0500	58046607	procesodigital	Proceso Digital		#Honduras Casos de COVID-19 suben a 109,760 con 616 nuevos contagios  https://t.co/miLRGPKsoe  https://t.co/tTKLgVQYFL	es	[]	['https://bit.ly/2I8aBsL']	['https://pbs.twimg.com/media/EoWvtqgXcAIIwfB.jpg']	0	0	1	['honduras']	[]	https://twitter.com/ProcesoDigital/status/1334666069835976704	False		1	https://pbs.twimg.com/media/EoWvtqgXcAIIwfB.jpg	Honduras,Tegucigalpa						[]				
1334624712677322752	1334624712677322752	2020-12-03 17:25:02 -05	2020-12-03	17:25:02	-0500	972804638	televicentrohn	Televicentro HN		Seg√∫n el informe presentado por las autoridades a la fecha se registran cinco casos de investigaci√≥n en los √∫ltimos tres d√≠as .  https://t.co/yHtHWVa8v0	es	[]	['https://www.televicentro.com/investigan-cinco-casos-donde-padres-hondurenos-son-extorsionados-por-sus-propios-hijos-para-jugar-free-fire']	[]	0	1	2	[]	[]	https://twitter.com/televicentrohn/status/1334624712677322752	False		0		Honduras,Tegucigalpa						[]				
1334623551337402372	1334623551337402372	2020-12-03 17:20:25 -05	2020-12-03	17:20:25	-0500	58046607	procesodigital	Proceso Digital		#Brasil supera las 175,000 muertes por COVID y roza los 6.5 millones de casos  https://t.co/5zrcXK3gRA	es	[]	['https://bit.ly/39LTnwZ']	[]	1	0	2	['brasil']	[]	https://twitter.com/ProcesoDigital/status/1334623551337402372	False		0		Honduras,Tegucigalpa						[]				
1334620378770132992	1334620378770132992	2020-12-03 17:07:49 -05	2020-12-03	17:07:49	-0500	1687083499	vocerop	El Informativo HN		Se registran 23,680 casos de dengue este a√±o ‚Äì El  https://t.co/lAc4C7HmSV  https://t.co/V2vbBcQV09	es	[]	['http://informativo.hn', 'https://www.elinformativo.hn/archivos/89757']	[]	0	0	0	[]	[]	https://twitter.com/VoceroP/status/1334620378770132992	False		0		Honduras,Tegucigalpa						[]				
1334582909353791489	1334582909353791489	2020-12-03 14:38:55 -05	2020-12-03	14:38:55	-0500	17548080	diarioelheraldo	Diario El Heraldo		M√°s de 1,5 millones de muertes por #coronavirus han sido registradas oficialmente en el mundo desde el inicio de la #pandemia, de un total de cerca de 65 millones de casos, seg√∫n un recuento de la #AFP a partir de cifras de las autoridades, el jueves a las 18H45 GMT.  https://t.co/glkua49NMX	es	[]	[]	['https://pbs.twimg.com/media/EoVj-C7XMAAGh1T.jpg']	0	0	2	['coronavirus', 'pandemia', 'afp']	[]	https://twitter.com/diarioelheraldo/status/1334582909353791489	False		1	https://pbs.twimg.com/media/EoVj-C7XMAAGh1T.jpg	Honduras,Tegucigalpa						[]				
1334570615446048768	1334570615446048768	2020-12-03 13:50:04 -05	2020-12-03	13:50:04	-0500	972804638	televicentrohn	Televicentro HN		Garcetti emiti√≥ una orden ejecutiva el 2 de diciembre para contrarrestar los casos de covid en la ciudad californiana.  https://t.co/9CtNYMJR1z	es	[]	['https://www.tunota.com/alcalde-de-los-angeles-ordena-cancelar-toda-actividad-y-cierre-de-negocios-ante-alza-de-contagios-de-covid']	[]	0	0	1	[]	[]	https://twitter.com/televicentrohn/status/1334570615446048768	False		0		Honduras,Tegucigalpa						[]				
1334561789481164800	1334561789481164800	2020-12-03 13:15:00 -05	2020-12-03	13:15:00	-0500	17548080	diarioelheraldo	Diario El Heraldo		Ir√°n super√≥ el jueves el mill√≥n de casos confirmados de covid-19, anunci√≥ la portavoz del ministerio de Salud, Sima Sadat Lari.  #Mundo #COVID19 #Pandemia #Iran    https://t.co/B2vJAc4B9t	es	[]	['https://www.elheraldo.hn/mundo/1426797-466/ir%C3%A1n-supera-el-mill%C3%B3n-de-casos-de-coronavirus']	[]	0	0	2	['mundo', 'covid19', 'pandemia', 'iran']	[]	https://twitter.com/diarioelheraldo/status/1334561789481164800	False		0		Honduras,Tegucigalpa						[]				
1334549238919860225	1334549238919860225	2020-12-03 12:25:07 -05	2020-12-03	12:25:07	-0500	972804638	televicentrohn	Televicentro HN		Seg√∫n el informe presentado por las autoridades a la fecha se registran cinco casos de investigaci√≥n en los √∫ltimos tres d√≠as.  https://t.co/yHtHWVa8v0	es	[]	['https://www.televicentro.com/investigan-cinco-casos-donde-padres-hondurenos-son-extorsionados-por-sus-propios-hijos-para-jugar-free-fire']	[]	0	0	0	[]	[]	https://twitter.com/televicentrohn/status/1334549238919860225	False		0		Honduras,Tegucigalpa						[]				
1334547948382785539	1334547948382785539	2020-12-03 12:20:00 -05	2020-12-03	12:20:00	-0500	972804638	televicentrohn	Televicentro HN		Garcetti emiti√≥ una orden ejecutiva el 2 de diciembre para contrarrestar los casos de covid en la ciudad californiana   https://t.co/9CtNYN1rT7	es	[]	['https://www.tunota.com/alcalde-de-los-angeles-ordena-cancelar-toda-actividad-y-cierre-de-negocios-ante-alza-de-contagios-de-covid']	[]	0	0	0	[]	[]	https://twitter.com/televicentrohn/status/1334547948382785539	False		0		Honduras,Tegucigalpa						[]				
1334545107673108480	1334545107673108480	2020-12-03 12:08:42 -05	2020-12-03	12:08:42	-0500	94437807	hondudiario	Hondudiario.com		EMERGECIA COVID-19: Estados Unidos registr√≥ en las √∫ltimas 24 horas m√°s de 200,000 casos nuevos de coronavirus y 3,157 muertos, lo que supone un nuevo r√©cord diario de decesos y la segunda cifra m√°s alta de contagios en un solo d√≠a, seg√∫n la Universidad Johns Hopkins.  https://t.co/WHKkGcoKkj	es	[]	[]	['https://pbs.twimg.com/media/EoVBsiBXIAIHKAq.png']	0	0	1	[]	[]	https://twitter.com/hondudiario/status/1334545107673108480	False		1	https://pbs.twimg.com/media/EoVBsiBXIAIHKAq.png	Honduras,Tegucigalpa						[]				
1334544189640634368	1334544189640634368	2020-12-03 12:05:04 -05	2020-12-03	12:05:04	-0500	1270290389321342976	h24news_hn	H24 News Honduras		Seg√∫n el informe presentado por las autoridades a la fecha se registran cinco casos de investigaci√≥n en los √∫ltimos tres d√≠as #TrendingTvc  https://t.co/rHjjiUEZdC	es	[]	['https://hn.h24.news/jCo']	[]	0	0	0	['trendingtvc']	[]	https://twitter.com/h24news_hn/status/1334544189640634368	False		0		Honduras,Tegucigalpa						[]				
1334539820203450369	1334539820203450369	2020-12-03 11:47:42 -05	2020-12-03	11:47:42	-0500	58046607	procesodigital	Proceso Digital		FNAMP investiga al menos cinco casos de hijos que extorsionan a sus padres  https://t.co/LXcI9gUCz7  https://t.co/28m5uPnuiX	es	[]	['https://bit.ly/2JAIRO6']	['https://pbs.twimg.com/media/EoU84qaW8AAnryQ.jpg']	0	0	0	[]	[]	https://twitter.com/ProcesoDigital/status/1334539820203450369	False		1	https://pbs.twimg.com/media/EoU84qaW8AAnryQ.jpg	Honduras,Tegucigalpa						[]				
1334536908056240128	1334536908056240128	2020-12-03 11:36:08 -05	2020-12-03	11:36:08	-0500	972804638	televicentrohn	Televicentro HN		Investigan cinco casos donde padres hondure√±os son extorsionados por sus propios hijos para jugar 'Free Fire' ¬°Conoce como operan estos menores aqu√≠!   https://t.co/yHtHWVa8v0	es	[]	['https://www.televicentro.com/investigan-cinco-casos-donde-padres-hondurenos-son-extorsionados-por-sus-propios-hijos-para-jugar-free-fire']	[]	0	0	0	[]	[]	https://twitter.com/televicentrohn/status/1334536908056240128	False		0		Honduras,Tegucigalpa						[]				
1334532848808812551	1334532848808812551	2020-12-03 11:20:00 -05	2020-12-03	11:20:00	-0500	972804638	televicentrohn	Televicentro HN		Garcetti emiti√≥ una orden ejecutiva el 2 de diciembre para contrarrestar los casos de covid en la ciudad californiana   https://t.co/9CtNYMJR1z	es	[]	['https://www.tunota.com/alcalde-de-los-angeles-ordena-cancelar-toda-actividad-y-cierre-de-negocios-ante-alza-de-contagios-de-covid']	[]	0	0	1	[]	[]	https://twitter.com/televicentrohn/status/1334532848808812551	False		0		Honduras,Tegucigalpa						[]				
1334524926640926721	1334524926640926721	2020-12-03 10:48:31 -05	2020-12-03	10:48:31	-0500	1289658651423182849	girasol_tv	Girasol TV		#Internacional |  Ir√°n supera el mill√≥n de casos de coronavirus.  Ver:  https://t.co/6VsfM4WjZk  #GirasolMedios	es	[]	['http://ow.ly/ttyi50CBIRF']	[]	0	0	0	['internacional', 'girasolmedios']	[]	https://twitter.com/girasol_tv/status/1334524926640926721	False		0		Honduras,Tegucigalpa						[]				
1334492507359604738	1334492507359604738	2020-12-03 08:39:42 -05	2020-12-03	08:39:42	-0500	592332750	albest91	Alberto		A este paso el Barcelona se convertira en el Valencia o en el peor de los casos, en un deportivo la Coru√±a.	es	[]	[]	[]	0	0	0	[]	[]	https://twitter.com/albest91/status/1334492507359604738	False	https://twitter.com/marca/status/1334490162018086915	0		Honduras,Tegucigalpa						[]				
1334416935937863682	1334399564082720769	2020-12-03 03:39:24 -05	2020-12-03	03:39:24	-0500	1020034993844826117	amolosperritoss	√±a√±elita		@KikeFSierra de casos a casos	es	[]	[]	[]	0	0	0	[]	[]	https://twitter.com/amolosperritoss/status/1334416935937863682	False		0		Honduras,Tegucigalpa						[{'screen_name': 'KikeFSierra', 'name': 'Pelafust√°n.', 'id': '369372088'}]				
1334327886845796355	1334327886845796355	2020-12-02 21:45:33 -05	2020-12-02	21:45:33	-0500	94437807	hondudiario	Hondudiario.com		‚ÄúLO √öLTIMO‚Äù: Sinager confirma 503 casos de Covid-19 para este mi√©rcoles, sumando un total de 109,144 contagios a nivel nacional.   Adem√°s, se reportan 3 nuevas muertes, elevando las v√≠ctimas a 2,930. Los recuperados ya suman 48,877 en el acumulado.  https://t.co/Qg03Jt1GFi	es	[]	[]	['https://pbs.twimg.com/media/EoR8IrbW8AAZcO4.png']	0	0	0	[]	[]	https://twitter.com/hondudiario/status/1334327886845796355	False		1	https://pbs.twimg.com/media/EoR8IrbW8AAZcO4.png	Honduras,Tegucigalpa						[]				
1334313677885992960	1334313677885992960	2020-12-02 20:49:05 -05	2020-12-02	20:49:05	-0500	58046607	procesodigital	Proceso Digital		Autoridades confirman 321 casos de COVID-19 sumando un total de 109,144 a nivel nacional. #Honduras #TuSaludEst√°EnTusMano  https://t.co/XEgH4mOpTx	es	[]	[]	['https://pbs.twimg.com/media/EoRvOAiWEAEBUVA.jpg']	0	0	1	['honduras', 'tusaludest√°entusmano']	[]	https://twitter.com/ProcesoDigital/status/1334313677885992960	False		1	https://pbs.twimg.com/media/EoRvOAiWEAEBUVA.jpg	Honduras,Tegucigalpa						[]				
1334312824449937409	1334312824449937409	2020-12-02 20:45:42 -05	2020-12-02	20:45:42	-0500	58046607	procesodigital	Proceso Digital		#Panam√° alcanza r√©cord de nuevos casos diarios de la covid en medio de repunte  https://t.co/G5vQOU4NSi	es	[]	['https://bit.ly/37rrozP']	[]	0	0	1	['panam√°']	[]	https://twitter.com/ProcesoDigital/status/1334312824449937409	False		0		Honduras,Tegucigalpa						[]				
1334306618847137792	1334306618847137792	2020-12-02 20:21:02 -05	2020-12-02	20:21:02	-0500	58046607	procesodigital	Proceso Digital		#Pandemia - EEUU suma 2,731 muertos y 195,121 casos de COVID-19 en las √∫ltimas 24 horas  https://t.co/N2wCMLqdmg	es	[]	['https://bit.ly/3ojqJY0']	[]	0	0	2	['pandemia']	[]	https://twitter.com/ProcesoDigital/status/1334306618847137792	False		0		Honduras,Tegucigalpa						[]				
1334295403790028801	1334295403790028801	2020-12-02 19:36:28 -05	2020-12-02	19:36:28	-0500	17548080	diarioelheraldo	Diario El Heraldo		"La Organizaci√≥n Panamericana de la Salud (OPS), alerta sobre alza de 30% de casos de #COVID19 en un mes en las Am√©ricas, y llam√≥ a mejorar la atenci√≥n de los afrodescendientes, afectados ""de manera desproporcionada"" por la #pandemia.  #Salud #Latonoam√©rica  https://t.co/jasnfYOFAM"	es	[]	[]	['https://pbs.twimg.com/media/EoRei3CXIAEl49t.jpg', 'https://pbs.twimg.com/media/EoRei3DXMAAHf4k.jpg', 'https://pbs.twimg.com/media/EoRei3HXYAA2Ryb.jpg', 'https://pbs.twimg.com/media/EoRei3EXMAA2B14.jpg']	1	1	2	['covid19', 'pandemia', 'salud', 'latonoam√©rica']	[]	https://twitter.com/diarioelheraldo/status/1334295403790028801	False		1	https://pbs.twimg.com/media/EoRei3CXIAEl49t.jpg	Honduras,Tegucigalpa						[]				
1334288012000309250	1334259852147908609	2020-12-02 19:07:06 -05	2020-12-02	19:07:06	-0500	1196564538730131457	cceplhn	100% Liberal		@chambrelavadero Y el @Tito_alcalde no aparece por temor a que le entreguen el CITATORIO por los casos de CORRUPCI√ìN que le han detectado.	es	[{'screen_name': 'tito_alcalde', 'name': 'nasry ‚Äútito‚Äù asfura', 'id': '2334654702'}]	[]	[]	0	0	0	[]	[]	https://twitter.com/CceplHn/status/1334288012000309250	False		0		Honduras,Tegucigalpa						[{'screen_name': 'chambrelavadero', 'name': 'Chambres de Lavadero', 'id': '2808774559'}]				
1334271797760581634	1334271797760581634	2020-12-02 18:02:40 -05	2020-12-02	18:02:40	-0500	58046607	procesodigital	Proceso Digital		#Brasil vuelve a rozar 50,000 casos diarios de COVID-19 y aun espera la vacuna  https://t.co/0Y21DTvQW7	es	[]	['https://bit.ly/3g36AT4']	[]	0	0	0	['brasil']	[]	https://twitter.com/ProcesoDigital/status/1334271797760581634	False		0		Honduras,Tegucigalpa						[]				
1334269969694142465	1334269969694142465	2020-12-02 17:55:24 -05	2020-12-02	17:55:24	-0500	248739609	hnellibertador	EL LIBERTADOR		HONDURAS / ESTADO DE SITIO SIN CONFINAMIENTO ¬øPARA QU√â?  Los contagios por el Covid-19 superan los 108 mil 600 casos, m√°s de 6 mil hondure√±os perdieron la vida y unos 600 mil puestos de trabajo se...  https://t.co/nWbuRD5acW  https://t.co/DgULXdy19M	es	[]	['http://www.web.ellibertador.hn/index.php/noticias/nacionales/2477-honduras-estado-de-sitio-sin-confinamiento-para-que']	['https://pbs.twimg.com/media/EoRHdcwXYAYRNEi.jpg']	0	1	5	[]	[]	https://twitter.com/hnellibertador/status/1334269969694142465	False		1	https://pbs.twimg.com/media/EoRHdcwXYAYRNEi.jpg	Honduras,Tegucigalpa						[]				
1334221654411669508	1334221654411669508	2020-12-02 14:43:25 -05	2020-12-02	14:43:25	-0500	314228694	departamento19	Departamento19		#DDHH / Los casos globales ascienden a 63,3 millones, 490 mil en la √∫ltima jornada  #Departamento19HN  https://t.co/iFtPauPAof	es	[]	['https://departamento19.hn/los-casos-globales-ascienden-a-633-millones-490-mil-en-la-ultima-jornada/']	[]	0	0	0	['ddhh', 'departamento19hn']	[]	https://twitter.com/Departamento19/status/1334221654411669508	False		0		Honduras,Tegucigalpa						[]				
1334214235434455051	1334214235434455051	2020-12-02 14:13:56 -05	2020-12-02	14:13:56	-0500	142550188	xiomaradanelia	Xiomara Orellana		Al 30/11/2020, Gobierno reporta un acumulado de 108,253 casos COVID-19 en Honduras. Mayor√≠a de pacientes tiene entre 21 a 40 a√±os. A 265 d√≠as del inicio de la pandemia y pese al subregistro, tasa de letalidad es del 2.7%, la m√°s alta de Centroam√©rica.	es	[]	[]	[]	0	0	2	[]	[]	https://twitter.com/XiomaraDanelia/status/1334214235434455051	False		0		Honduras,Tegucigalpa						[]				
1334194460448714752	1334194460448714752	2020-12-02 12:55:22 -05	2020-12-02	12:55:22	-0500	17548080	diarioelheraldo	Diario El Heraldo		#Lo√öltimo  Casos de covid-19 en las Am√©ricas aumentaron casi 30% en noviembre ü¶†ü¶†üò∑üò∑  #ops #pandemia #coronavirus #COVID19  https://t.co/GVY5ViR2X1	es	[]	[]	['https://pbs.twimg.com/media/EoQCxotW8AE4EXs.jpg']	0	0	2	['lo√∫ltimo', 'ops', 'pandemia', 'coronavirus', 'covid19']	[]	https://twitter.com/diarioelheraldo/status/1334194460448714752	False		1	https://pbs.twimg.com/media/EoQCxotW8AE4EXs.jpg	Honduras,Tegucigalpa						[]				
1334179113557504002	1334179113557504002	2020-12-02 11:54:23 -05	2020-12-02	11:54:23	-0500	58046607	procesodigital	Proceso Digital		#COVID Italia registra m√°s de 20,000 nuevos casos y 684 fallecidos el √∫ltimo d√≠a  https://t.co/l1OmxpGT9n  https://t.co/4YzlPXNqnz	es	[]	['https://bit.ly/2KRXcGe']	['https://pbs.twimg.com/media/EoP01IFXYAAlTLK.jpg']	0	0	0	['covid']	[]	https://twitter.com/ProcesoDigital/status/1334179113557504002	False		1	https://pbs.twimg.com/media/EoP01IFXYAAlTLK.jpg	Honduras,Tegucigalpa						[]				
1334176006509359106	1334176006509359106	2020-12-02 11:42:02 -05	2020-12-02	11:42:02	-0500	58046607	procesodigital	Proceso Digital		#PANDEMIA Los casos globales ascienden a 63.3 millones, 490,000 en la √∫ltima jornada  https://t.co/IHrQl9jmr2	es	[]	['https://bit.ly/37ockCW']	[]	0	0	0	['pandemia']	[]	https://twitter.com/ProcesoDigital/status/1334176006509359106	False		0		Honduras,Tegucigalpa						[]				
1334170290570444801	1334170290570444801	2020-12-02 11:19:19 -05	2020-12-02	11:19:19	-0500	94437807	hondudiario	Hondudiario.com		Reportan ocho casos de leptospirosis producto de las inundaciones en el Valle de Sula -  https://t.co/i5lNMby5q6  https://t.co/h2v5U2uGmW	es	[]	['https://bit.ly/3ofiax7']	['https://pbs.twimg.com/media/EoPszxYUcAEDYHp.jpg']	0	0	2	[]	[]	https://twitter.com/hondudiario/status/1334170290570444801	False		1	https://pbs.twimg.com/media/EoPszxYUcAEDYHp.jpg	Honduras,Tegucigalpa						[]				
1334165198496788480	1334165198496788480	2020-12-02 10:59:05 -05	2020-12-02	10:59:05	-0500	797612234247729153	primiciahn	Primicia Honduras		Los casos de COVID-19 en Honduras se elevan a 108,253 #Noticias #PrimiciaHonduras ‚ñ∫ Leer m√°s:  https://t.co/k8tv8QeDTg  https://t.co/iXyANO3UQB	es	[]	['https://bit.ly/3ohlCaQ']	['https://pbs.twimg.com/media/EoPoLXtWMAIRpWx.jpg']	0	0	0	['noticias', 'primiciahonduras']	[]	https://twitter.com/primiciahn/status/1334165198496788480	False		1	https://pbs.twimg.com/media/EoPoLXtWMAIRpWx.jpg	Honduras,Tegucigalpa						[]				
1334164738884952065	1334164738884952065	2020-12-02 10:57:15 -05	2020-12-02	10:57:15	-0500	137108726	xan_d	+1m4r1c45		desintender-se como pode ser assim t√£o f√°cil e r√°pido  basta s√≥ respirar as vezes  e muitos casos a exist√™ncia pura e simples j√° faz o servi√ßo	pt	[]	[]	[]	0	0	0	[]	[]	https://twitter.com/xan_d/status/1334164738884952065	False		0		Honduras,Tegucigalpa						[]				
1334160064488337409	1334160064488337409	2020-12-02 10:38:41 -05	2020-12-02	10:38:41	-0500	797612234247729153	primiciahn	Primicia Honduras		Salud insiste con adoptar precauciones ante primeros casos de leptospirosis #Noticias #PrimiciaHonduras ‚ñ∫ Leer m√°s:  https://t.co/M6EHCs9kLT  https://t.co/6EPempghIH	es	[]	['https://bit.ly/3mADpZS']	['https://pbs.twimg.com/media/EoPjgiNXIAMzhJO.jpg']	0	0	0	['noticias', 'primiciahonduras']	[]	https://twitter.com/primiciahn/status/1334160064488337409	False		1	https://pbs.twimg.com/media/EoPjgiNXIAMzhJO.jpg	Honduras,Tegucigalpa						[]				
1334146642698756102	1334146642698756102	2020-12-02 09:45:21 -05	2020-12-02	09:45:21	-0500	1687083499	vocerop	El Informativo HN		38,351 casos de sida registra el pa√≠s¬†¬† ‚Äì El  https://t.co/lAc4C7HmSV  https://t.co/1pkZtgWVOr	es	[]	['http://informativo.hn', 'https://www.elinformativo.hn/archivos/89679']	[]	0	0	0	[]	[]	https://twitter.com/VoceroP/status/1334146642698756102	False		0		Honduras,Tegucigalpa						[]				
1334138315549839360	1334138315549839360	2020-12-02 09:12:16 -05	2020-12-02	09:12:16	-0500	747265276207476736	chtvhn	chtvhn		Se confirman ocho casos de leptospirosis producto de las inundaciones en el Valle de Sula- https://t.co/txLz0ssclw  https://t.co/SX6cqFIr4H	es	[]	['https://chtv.hn/honduras/se-confirman-ocho-casos-de-leptospirosis-producto-de-las-inundaciones-en-el-valle-de-sula/']	['https://pbs.twimg.com/media/EoPPumVXIAAOLwY.jpg']	0	0	0	[]	[]	https://twitter.com/CHTVHN/status/1334138315549839360	False		1	https://pbs.twimg.com/media/EoPPumVXIAAOLwY.jpg	Honduras,Tegucigalpa						[]				
1334137124736659457	1334137124736659457	2020-12-02 09:07:32 -05	2020-12-02	09:07:32	-0500	58046607	procesodigital	Proceso Digital		Se confirman ocho casos de leptospirosis producto de las inundaciones en el Valle de Sula  https://t.co/1DWJYfwx4M  https://t.co/lRftHBk7n7	es	[]	['https://bit.ly/2Vt8sLi']	['https://pbs.twimg.com/media/EoPOpBqWMAIHkKJ.jpg']	1	0	1	[]	[]	https://twitter.com/ProcesoDigital/status/1334137124736659457	False		1	https://pbs.twimg.com/media/EoPOpBqWMAIHkKJ.jpg	Honduras,Tegucigalpa						[]				
1334112986328395777	1333987635195482112	2020-12-02 07:31:37 -05	2020-12-02	07:31:37	-0500	328497126	gquiros_cr	Gabriel Quir√≥s Pereira		@Valavb Tantos grandes artistas que truncaron sus vidas. Definitivamente que la m√∫sica y ese ritmo tan intenso que llevan los artistas no ayudan en muchos casos, los vicios, la soledad, el stress, todo eso suma y afecta.	es	[]	[]	[]	1	0	0	[]	[]	https://twitter.com/gquiros_cr/status/1334112986328395777	False		0		Honduras,Tegucigalpa						[{'screen_name': 'Valavb', 'name': 'Laura Valverde', 'id': '256561076'}]				
1333988646333132800	1333988646333132800	2020-12-01 23:17:32 -05	2020-12-01	23:17:32	-0500	58046607	procesodigital	Proceso Digital		Otros 388 casos positivos de COVID-19 y Honduras contabiliza 107 mil 888 contagios  https://t.co/AoOAwIqIZK  https://t.co/YXcBbo2MPt	es	[]	['https://bit.ly/3qjRgpS']	['https://pbs.twimg.com/media/EoNHiBdWEAIIBXf.jpg']	0	0	0	[]	[]	https://twitter.com/ProcesoDigital/status/1333988646333132800	False		1	https://pbs.twimg.com/media/EoNHiBdWEAIIBXf.jpg	Honduras,Tegucigalpa						[]				
1333979107533725696	1333979107533725696	2020-12-01 22:39:38 -05	2020-12-01	22:39:38	-0500	58046607	procesodigital	Proceso Digital		Autoridades confirman 388 casos de COVID-19 sumando un total de 108,641 a nivel nacional. #Honduras #TuSaludEst√°EnTusMano  https://t.co/0Aqk5IGYNz	es	[]	[]	['https://pbs.twimg.com/media/EoM-7coWEAEse22.jpg']	0	0	1	['honduras', 'tusaludest√°entusmano']	[]	https://twitter.com/ProcesoDigital/status/1333979107533725696	False		1	https://pbs.twimg.com/media/EoM-7coWEAEse22.jpg	Honduras,Tegucigalpa						[]				
1333971989166514176	1333971989166514176	2020-12-01 22:11:20 -05	2020-12-01	22:11:20	-0500	1289658651423182849	girasol_tv	Girasol TV		#UltimaHora | Casos de coronavirus en Honduras para este 01 de diciembre de 2020.   #Fuente: SINAGER  #GirasolMedios  https://t.co/GMs2RB8AIP	es	[]	[]	['https://pbs.twimg.com/media/EoM4dH3XIAAHbFz.jpg']	0	0	0	['ultimahora', 'fuente', 'girasolmedios']	[]	https://twitter.com/girasol_tv/status/1333971989166514176	False		1	https://pbs.twimg.com/media/EoM4dH3XIAAHbFz.jpg	Honduras,Tegucigalpa						[]				
1333971479843758081	1333971479843758081	2020-12-01 22:09:19 -05	2020-12-01	22:09:19	-0500	94437807	hondudiario	Hondudiario.com		‚ÄúLO √öLTIMO‚Äù: Sinager confirma 388 casos de Covid-19 para este martes, sumando un total de 108,641 contagios a nivel nacional.   Adem√°s, se reportan 9 nuevas muertes, elevando las v√≠ctimas a 2,927. Los recuperados ya suman 48,556 en el acumulado.  https://t.co/8nlEzOiYhZ	es	[]	[]	['https://pbs.twimg.com/media/EoM346aWMAIwujK.png']	0	2	2	[]	[]	https://twitter.com/hondudiario/status/1333971479843758081	False		1	https://pbs.twimg.com/media/EoM346aWMAIwujK.png	Honduras,Tegucigalpa						[]				
1333912511146430464	1333912511146430464	2020-12-01 18:15:00 -05	2020-12-01	18:15:00	-0500	17548080	diarioelheraldo	Diario El Heraldo		Algunas aerol√≠neas hab√≠an reportado una disminuci√≥n en las reservaciones a medida que aumentaban los casos.  #Mundo #EEUU #Viajes #Aerolineas    https://t.co/m2Dq5m4SQj	es	[]	['https://www.elheraldo.hn/mundo/1426355-466/aumentan-viajes-en-eeuu-pese-a-advertencias-por-pandemia']	[]	0	0	1	['mundo', 'eeuu', 'viajes', 'aerolineas']	[]	https://twitter.com/diarioelheraldo/status/1333912511146430464	False		0		Honduras,Tegucigalpa						[]				
1333912256522883075	1333912256522883075	2020-12-01 18:13:59 -05	2020-12-01	18:13:59	-0500	58046607	procesodigital	Proceso Digital		#Brasil registra 50,909 casos y 697 muertes por COVID-19 en el √∫ltimo d√≠a  https://t.co/5Wok7FX5Qw	es	[]	['https://bit.ly/3oiZay1']	[]	0	0	1	['brasil']	[]	https://twitter.com/ProcesoDigital/status/1333912256522883075	False		0		Honduras,Tegucigalpa						[]				
1333896072029233153	1333896061182767105	2020-12-01 17:09:40 -05	2020-12-01	17:09:40	-0500	2872920029	onuhn	ONU Honduras		El Equipo de las Naciones Unidas de Evaluaci√≥n y Coordinaci√≥n en Casos de Desastres (#UNDAC) es parte del sistema internacional de respuesta a desastres repentinos. Su objetivo es apoyar a la @ONU_es y los Gobiernos a contar con informaci√≥n durante la primera fase de emergencia.	es	[{'screen_name': 'onu_es', 'name': 'naciones unidas', 'id': '119844526'}]	[]	[]	0	0	1	['undac']	[]	https://twitter.com/ONUHN/status/1333896072029233153	False		0		Honduras,Tegucigalpa						[]				
1333882077989650433	1333882077989650433	2020-12-01 16:14:04 -05	2020-12-01	16:14:04	-0500	94437807	hondudiario	Hondudiario.com		Tegucigalpa y San Pedro Sula con mayores √≠ndices de casos de VIH en Honduras -  https://t.co/Wm9yVsSDhw  https://t.co/o294POH5zR	es	[]	['https://bit.ly/37niGTb']	['https://pbs.twimg.com/media/EoLmrnOVoAE8LHJ.jpg']	0	1	7	[]	[]	https://twitter.com/hondudiario/status/1333882077989650433	False		1	https://pbs.twimg.com/media/EoLmrnOVoAE8LHJ.jpg	Honduras,Tegucigalpa						[]				
1333868026891005955	1333868026891005955	2020-12-01 15:18:14 -05	2020-12-01	15:18:14	-0500	58046607	procesodigital	Proceso Digital		#ald√≠a Espa√±a a√±ade 8,257 casos de COVID y 442 muertos con una incidencia a la baja  https://t.co/pyq94YLHl8	es	[]	['https://bit.ly/3odwwy5']	[]	0	0	0	['ald√≠a']	[]	https://twitter.com/ProcesoDigital/status/1333868026891005955	False		0		Honduras,Tegucigalpa						[]				
1333863488968646659	1333860616428277763	2020-12-01 15:00:12 -05	2020-12-01	15:00:12	-0500	1197585221027344384	indignadoluis8	Indignado.		@MarilynMendezM Y falta que salgan los casos de contagios durante los huracanes.	es	[]	[]	[]	0	1	0	[]	[]	https://twitter.com/IndignadoLuis8/status/1333863488968646659	False		0		Honduras,Tegucigalpa						[{'screen_name': 'MarilynMendezM', 'name': 'Marilyn MMüá≠üá≥\uf8ff', 'id': '142140156'}]				
1333860616428277763	1333860616428277763	2020-12-01 14:48:47 -05	2020-12-01	14:48:47	-0500	142140156	marilynmendezm	Marilyn MMüá≠üá≥Ô£ø		¬°Imparable e incontrolable! #Covid19 en #Honduras ü¶†  Total de casos hoy: 108,253 Muertes: 2,918 Recuperados: 48,073  https://t.co/zrV1qqYNLm	es	[]	[]	['https://pbs.twimg.com/media/EoLTKMDXMAgzLRC.jpg']	2	3	6	['covid19', 'honduras']	[]	https://twitter.com/MarilynMendezM/status/1333860616428277763	False		1	https://pbs.twimg.com/media/EoLTKMDXMAgzLRC.jpg	Honduras,Tegucigalpa						[]				
1333855781633011723	1333855781633011723	2020-12-01 14:29:34 -05	2020-12-01	14:29:34	-0500	1687083499	vocerop	El Informativo HN		Los casos de covid-19 se elevan a 108.253 con 365 nuevos contagios ‚Äì El  https://t.co/lAc4C7HmSV  https://t.co/WSrntd3LxQ	es	[]	['http://informativo.hn', 'https://www.elinformativo.hn/archivos/89634']	[]	0	0	0	[]	[]	https://twitter.com/VoceroP/status/1333855781633011723	False		0		Honduras,Tegucigalpa						[]				
1333843814822318083	1333843814822318083	2020-12-01 13:42:01 -05	2020-12-01	13:42:01	-0500	58046607	procesodigital	Proceso Digital		#FUTBOL Se aplaza el Aston Villa-Newcastle por el aumento de casos de COVID-19  https://t.co/EYLZZKSc1L  https://t.co/1nzhuygXzo	es	[]	['https://bit.ly/37my5mM']	['https://pbs.twimg.com/media/EoLD4OAXcAE_rEE.jpg']	0	0	0	['futbol']	[]	https://twitter.com/ProcesoDigital/status/1333843814822318083	False		1	https://pbs.twimg.com/media/EoLD4OAXcAE_rEE.jpg	Honduras,Tegucigalpa						[]				
1333823018020302848	1333823018020302848	2020-12-01 12:19:23 -05	2020-12-01	12:19:23	-0500	58046607	procesodigital	Proceso Digital		#ald√≠a La pandemia alcanza los 62.6 millones de casos, con 1.4 millones de muertes  https://t.co/YvXHDzycu2	es	[]	['https://bit.ly/3o9NddV']	[]	0	0	2	['ald√≠a']	[]	https://twitter.com/ProcesoDigital/status/1333823018020302848	False		0		Honduras,Tegucigalpa						[]				
1333779376689737729	1333769773545648128	2020-12-01 09:25:58 -05	2020-12-01	09:25:58	-0500	1143012564	danecardona	Danelia Cardona		@JRAZelaya Ni lo podr√°n explicar, m√°s bien es de revisar cuantos casos m√°s hay.	es	[]	[]	[]	1	0	0	[]	[]	https://twitter.com/danecardona/status/1333779376689737729	False		0		Honduras,Tegucigalpa						[{'screen_name': 'JRAZelaya', 'name': 'Jos√© Zelaya', 'id': '268845388'}]				
1333628858965389318	1333561214027304961	2020-11-30 23:27:52 -05	2020-11-30	23:27:52	-0500	271621234	aryenriqueavila	Ary Enrique √Åvila üá≠üá≥		"@DeliaArita Cuando quitaron la MACCIH y aprobaron el codigo penal, todos estaban dormidos y nadie apoyo nuestras protestas. Nos dijeron gringueros por defender a la MACCIH. Desde ese momento, ud debe saber que todos los casos iban a ser dejados en impunidad. Y ah√≠ no hab√≠a ""caja china"""	es	[]	[]	[]	0	0	0	[]	[]	https://twitter.com/AryEnriqueAvila/status/1333628858965389318	False		0		Honduras,Tegucigalpa						[{'screen_name': 'DeliaArita', 'name': 'Delia Arita', 'id': '317576995'}]				
1333621614072786945	1333621614072786945	2020-11-30 22:59:04 -05	2020-11-30	22:59:04	-0500	58046607	procesodigital	Proceso Digital		#Per√∫ llega a 963 mil 605 casos y 35 mil 966 fallecidos por la #COVID-19  #ProcesoDigital  https://t.co/qdBIKops1L	es	[]	[]	['https://pbs.twimg.com/media/EoH5xpVWMAEEkx7.jpg']	0	0	0	['per√∫', 'covid', 'procesodigital']	[]	https://twitter.com/ProcesoDigital/status/1333621614072786945	False		1	https://pbs.twimg.com/media/EoH5xpVWMAEEkx7.jpg	Honduras,Tegucigalpa						[]				
1333619078293053442	1333619078293053442	2020-11-30 22:49:00 -05	2020-11-30	22:49:00	-0500	58046607	procesodigital	Proceso Digital		#China diagnostica 12 nuevos casos del virus, 4 de ellos por contagio local  #ProcesoDigital  https://t.co/c7c6G6uMmZ	es	[]	[]	['https://pbs.twimg.com/media/EoH3dryXUAAVH3L.jpg']	0	0	0	['china', 'procesodigital']	[]	https://twitter.com/ProcesoDigital/status/1333619078293053442	False		1	https://pbs.twimg.com/media/EoH3dryXUAAVH3L.jpg	Honduras,Tegucigalpa						[]				
1333618582807261184	1333618582807261184	2020-11-30 22:47:02 -05	2020-11-30	22:47:02	-0500	58046607	procesodigital	Proceso Digital		#Guatemala report√≥ este lunes la muerte de cinco personas por la #COVID y 90 nuevos contagios en las √∫ltimas 24 horas, por lo que suma 4 mil 171 decesos a causa de la enfermedad y 122 mil 62 casos en total desde marzo.  https://t.co/UZw6ZXq2nI	es	[]	[]	['https://pbs.twimg.com/media/EoH3BsGXIAANSUb.jpg']	0	0	0	['guatemala', 'covid']	[]	https://twitter.com/ProcesoDigital/status/1333618582807261184	False		1	https://pbs.twimg.com/media/EoH3BsGXIAANSUb.jpg	Honduras,Tegucigalpa						[]				
1333617570319097856	1333617570319097856	2020-11-30 22:43:00 -05	2020-11-30	22:43:00	-0500	58046607	procesodigital	Proceso Digital		EEUU alcanz√≥ este lunes la cifra de 13 millones 525 mil 889 casos confirmados del coronavirus SARS-CoV-2 y la de 267mil 888 fallecidos por la enfermedad de la COVID-19, de acuerdo con el recuento independiente de la Universidad Johns Hopkins.  https://t.co/XicQ3hjTan	es	[]	[]	['https://pbs.twimg.com/media/EoH2CPMWEAI5N1r.jpg']	0	0	1	[]	[]	https://twitter.com/ProcesoDigital/status/1333617570319097856	False		1	https://pbs.twimg.com/media/EoH2CPMWEAI5N1r.jpg	Honduras,Tegucigalpa						[]				
1333612808626384898	1333612808626384898	2020-11-30 22:24:05 -05	2020-11-30	22:24:05	-0500	58046607	procesodigital	Proceso Digital		Autoridades confirman 365 casos de COVID-19 sumando un total de 108,253 a nivel nacional. #Honduras #TuSaludEst√°EnTusMano  https://t.co/rPg7ZmAq2s	es	[]	[]	['https://pbs.twimg.com/media/EoHxyBzXYAMHY6Q.jpg']	0	0	2	['honduras', 'tusaludest√°entusmano']	[]	https://twitter.com/ProcesoDigital/status/1333612808626384898	False		1	https://pbs.twimg.com/media/EoHxyBzXYAMHY6Q.jpg	Honduras,Tegucigalpa						[]				
1333612069510320128	1333612069510320128	2020-11-30 22:21:09 -05	2020-11-30	22:21:09	-0500	58046607	procesodigital	Proceso Digital		#ACTUALIDAD / #Honduras supera los 108 mil casos de COVID-19 tras sumar 365 nuevos positivos  https://t.co/2ST5TTo5bF  #ProcesoDigital  https://t.co/dScmVf3tYg	es	[]	['https://bit.ly/39sS7hQ']	['https://pbs.twimg.com/media/EoHxGwnXMAA4Gnm.jpg']	0	0	0	['actualidad', 'honduras', 'procesodigital']	[]	https://twitter.com/ProcesoDigital/status/1333612069510320128	False		1	https://pbs.twimg.com/media/EoHxGwnXMAA4Gnm.jpg	Honduras,Tegucigalpa						[]				
1333607698173095936	1333607698173095936	2020-11-30 22:03:47 -05	2020-11-30	22:03:47	-0500	94437807	hondudiario	Hondudiario.com		Honduras llega a diciembre con m√°s de 108 mil casos de Covid-19 -  https://t.co/qir55eonbe  https://t.co/ktyc3ohqUS	es	[]	['https://bit.ly/39wo7Su']	['https://pbs.twimg.com/media/EoHtIheVcAEffON.jpg']	0	0	0	[]	[]	https://twitter.com/hondudiario/status/1333607698173095936	False		1	https://pbs.twimg.com/media/EoHtIheVcAEffON.jpg	Honduras,Tegucigalpa						[]				
1333602098269843457	1333602098269843457	2020-11-30 21:41:32 -05	2020-11-30	21:41:32	-0500	94437807	hondudiario	Hondudiario.com		‚ÄúLO √öLTIMO‚Äù: Sinager confirma 365 casos de Covid-19 para este lunes, sumando un total de 108,253 contagios a nivel nacional.  Adem√°s, se reportan 9 nuevas muertes, elevando las v√≠ctimas a 2,918. Los recuperados suman 48,073 en el acumulado.  https://t.co/569sVMsHoo	es	[]	[]	['https://pbs.twimg.com/media/EoHoB0cXYAEwYI5.png']	0	0	0	[]	[]	https://twitter.com/hondudiario/status/1333602098269843457	False		1	https://pbs.twimg.com/media/EoHoB0cXYAEwYI5.png	Honduras,Tegucigalpa						[]				
1333593386532679681	1333585879177293826	2020-11-30 21:06:54 -05	2020-11-30	21:06:54	-0500	517915890	germer9	Reiner Germer		@spacedroggy Seguramente eso pasa pero es de casos a casos man. Seguramente un numero alto de los que no lo pasan es porque simplemente les vv. Lo que si es que siento que el PAA es algo que tiene solucion y esperar a que el gobierno mejore es la solucion mas lejana.	es	[]	[]	[]	1	0	1	[]	[]	https://twitter.com/germer9/status/1333593386532679681	False		0		Honduras,Tegucigalpa						[{'screen_name': 'spacedroggy', 'name': 'Daniel Godoy', 'id': '2807686332'}]				
1333567666313973760	1333567666313973760	2020-11-30 19:24:42 -05	2020-11-30	19:24:42	-0500	17548080	diarioelheraldo	Diario El Heraldo		#Gr√°ficos üìäüìà El pa√≠s contin√∫a sumando casos del nuevo coronavirus. ¬°Vea aqu√≠ los detalles!   #Honduras #pandemia #coronavirus #COVID19 #Sinager   https://t.co/D6I5k464nK	es	[]	['https://www.elheraldo.hn/pais/1425701-466/honduras-casos-de-covid-19-llegan-a-107888-y-2909-muertes']	[]	0	0	1	['gr√°ficos', 'honduras', 'pandemia', 'coronavirus', 'covid19', 'sinager']	[]	https://twitter.com/diarioelheraldo/status/1333567666313973760	False		0		Honduras,Tegucigalpa						[]				
1333567466992177154	1333567466992177154	2020-11-30 19:23:55 -05	2020-11-30	19:23:55	-0500	1321206809613488129	extradigitalhn	Extra Digital HN		üö®180 casos de Covid-19 registra a diario centro de triaje en Tegucigalpa    https://t.co/74ECwijLiz	es	[]	['https://www.extradigital.hn/2020/11/30/180-casos-de-covid-19-registra-a-diario-centro-de-triaje-en-tegucigalpa/']	[]	0	0	0	[]	[]	https://twitter.com/extradigitalhn/status/1333567466992177154	False		0		Honduras,Tegucigalpa						[]				
1333543216143020034	1333535714584256513	2020-11-30 17:47:33 -05	2020-11-30	17:47:33	-0500	107476670	bancatlan	Banco Atl√°ntida		@carloscernae Hola Carlos, lamentamos mucho este problema lo vamos a canalizar con el √°rea encargada, lo √∫nico que muchas de nuestras instalaciones no est√°n acondicionadas para estos casos y le rogamos su comprensi√≥n, lo invitamos a utilizar nuestros canales digitales para evitar las filas.	es	[]	[]	[]	0	0	0	[]	[]	https://twitter.com/bancatlan/status/1333543216143020034	False		0		Honduras,Tegucigalpa						[{'screen_name': 'carloscernae', 'name': 'Carlitos', 'id': '2229000853'}]				
1333492634803986432	1333446446801182722	2020-11-30 14:26:33 -05	2020-11-30	14:26:33	-0500	56917336	annitabocanegra	Anna Luc√≠a		@BlancaDeCorazon Hasta de bodas piden regalos tambi√©n jajajaja s√© de unos casos que planearon casarse hasta en la cuarentena para no tener que gastar en la fiesta e invitados pero igual los invitaron por zoom o fb live y hab√≠a que dar regalo üòÖüòÖüòÖ eso me suena m√°s a gente acabada y aprovechada.	es	[]	[]	[]	0	0	0	[]	[]	https://twitter.com/AnnitaBocanegra/status/1333492634803986432	False		0		Honduras,Tegucigalpa						[{'screen_name': 'BlancaDeCorazon', 'name': 'Coraz√≥n Blanco ‚ô°', 'id': '72476907'}]				
1333492474891935746	1333492474891935746	2020-11-30 14:25:55 -05	2020-11-30	14:25:55	-0500	314228694	departamento19	Departamento19		#DDHH / Los casos globales superan los 62 millones, pero los casos diarios siguen bajando  #Departamento19HN  https://t.co/j1rEkHZuU6	es	[]	['https://departamento19.hn/los-casos-globales-superan-los-62-millones-pero-los-casos-diarios-siguen-bajando/']	[]	0	0	0	['ddhh', 'departamento19hn']	[]	https://twitter.com/Departamento19/status/1333492474891935746	False		0		Honduras,Tegucigalpa						[]				
1333483761510608902	1333478086218821635	2020-11-30 13:51:18 -05	2020-11-30	13:51:18	-0500	1197585221027344384	indignadoluis8	Indignado.		"@KarlaMzM Esa ""t√°ctica"" es bien com√∫n, yo he visto casos en Cop√°n similares, a gente humilde le han quitado su dinero y ni cuenta se dan."	es	[]	[]	[]	0	0	0	[]	[]	https://twitter.com/IndignadoLuis8/status/1333483761510608902	False		0		Honduras,Tegucigalpa						[{'screen_name': 'KarlaMzM', 'name': 'üéÄ ùïÉùïí ùïÑùïíùïùùïí ùîæùïíùïßùïöùïùùïùùïí ‚ôèÔ∏è', 'id': '428475222'}]				
1333252648196304897	1333252648196304897	2020-11-29 22:32:56 -05	2020-11-29	22:32:56	-0500	1321206809613488129	extradigitalhn	Extra Digital HN		#ExtraDigital  | #Honduras contabiliza 107,888 casos de Covid-19  https://t.co/SCdIHnRU64	es	[]	['https://extradigital.hn/2020/11/29/honduras-contabiliza-107888-casos-de-covid-19/']	[]	0	0	0	['extradigital', 'honduras']	[]	https://twitter.com/extradigitalhn/status/1333252648196304897	False		0		Honduras,Tegucigalpa						[]				
1333242376895291392	1333242376895291392	2020-11-29 21:52:07 -05	2020-11-29	21:52:07	-0500	58046607	procesodigital	Proceso Digital		Honduras suma 107 mil 888 contagios al reportarse 375 nuevos casos de COVID-19  https://t.co/v1WOAVz4DR  https://t.co/lsd11u5svm	es	[]	['https://bit.ly/3fNVfpE']	['https://pbs.twimg.com/media/EoCg3lDXEAE5QBZ.jpg']	0	0	1	[]	[]	https://twitter.com/ProcesoDigital/status/1333242376895291392	False		1	https://pbs.twimg.com/media/EoCg3lDXEAE5QBZ.jpg	Honduras,Tegucigalpa						[]				
1333239115148570625	1333239115148570625	2020-11-29 21:39:10 -05	2020-11-29	21:39:10	-0500	1687083499	vocerop	El Informativo HN		Sinager reporta hoy 375 nuevos casos positivos de #COVID19 y ascienden a 107,888 los infectados a nivel nacional. Adem√°s, registra cuatro nuevos decesos por la enfermedad y el total se eleva a 2,909.  https://t.co/2T1lHYdub4	es	[]	[]	['https://pbs.twimg.com/media/EoCd6DUXEAEyzk-.jpg']	0	0	0	['covid19']	[]	https://twitter.com/VoceroP/status/1333239115148570625	False		1	https://pbs.twimg.com/media/EoCd6DUXEAEyzk-.jpg	Honduras,Tegucigalpa						[]				
1333238167177228289	1333238167177228289	2020-11-29 21:35:24 -05	2020-11-29	21:35:24	-0500	58046607	procesodigital	Proceso Digital		Autoridades confirman 375 casos de COVID-19 sumando un total de 107,888 a nivel nacional. #Honduras #TuSaludEst√°EnTusMano  https://t.co/ooIBO4nY1w	es	[]	[]	['https://pbs.twimg.com/media/EoCdDCyWEAAv5bH.jpg']	0	0	3	['honduras', 'tusaludest√°entusmano']	[]	https://twitter.com/ProcesoDigital/status/1333238167177228289	False		1	https://pbs.twimg.com/media/EoCdDCyWEAAv5bH.jpg	Honduras,Tegucigalpa						[]				
1333198759669411841	1333198759669411841	2020-11-29 18:58:48 -05	2020-11-29	18:58:48	-0500	58046607	procesodigital	Proceso Digital		#COVID Panam√° llega a 164,729 casos de coronavirus y 3,060 muertes desde marzo  https://t.co/d9JgVdmSr5	es	[]	['https://bit.ly/3fRNoaH']	[]	0	0	0	['covid']	[]	https://twitter.com/ProcesoDigital/status/1333198759669411841	False		0		Honduras,Tegucigalpa						[]				
1333161065350377472	1333161065350377472	2020-11-29 16:29:01 -05	2020-11-29	16:29:01	-0500	17548080	diarioelheraldo	Diario El Heraldo		#Lo√öltimo | La ciudad de Nueva York reabrir√° las escuelas primarias y ofrecer√° clases presenciales para alumnos con necesidades especiales de todas las edades desde el 7 de diciembre pese al aumento reciente de casos del coronavirus, anunci√≥ el domingo el alcalde Bill de Blasio.  https://t.co/SKqGGqx4fs	es	[]	[]	['https://pbs.twimg.com/media/EoBW2r_W4AAyGh5.jpg']	0	0	2	['lo√∫ltimo']	[]	https://twitter.com/diarioelheraldo/status/1333161065350377472	False		1	https://pbs.twimg.com/media/EoBW2r_W4AAyGh5.jpg	Honduras,Tegucigalpa						[]				
1333160772491489280	1333160772491489280	2020-11-29 16:27:51 -05	2020-11-29	16:27:51	-0500	1321206809613488129	extradigitalhn	Extra Digital HN		¬°ALARMANTE! Casos de Covid-19 podr√≠a aumentar en un 30% la pr√≥xima semana  https://t.co/sMVd1xjlh5	es	[]	['https://extradigital.hn/2020/11/29/casos-de-covid-19-podria-aumentar-en-un-30-la-proxima-semana/?fbclid=IwAR2bdFNlNPSpHOMWJAywvXcQzX8otUmLDT85_GdhXT6XpA_xReSQESPDL1c']	[]	0	0	0	[]	[]	https://twitter.com/extradigitalhn/status/1333160772491489280	False		0		Honduras,Tegucigalpa						[]				
1333146570880126978	1333143177914699781	2020-11-29 15:31:25 -05	2020-11-29	15:31:25	-0500	771086623262081028	nosabedibujar	Megumi Drawing		@DanielR83961997 @darkthanos Suceden ambos casos.	es	[]	[]	[]	1	0	2	[]	[]	https://twitter.com/NoSabeDibujar/status/1333146570880126978	False		0		Honduras,Tegucigalpa						[{'screen_name': 'DanielR83961997', 'name': 'Daniel Ramirez', 'id': '1267974176712916993'}, {'screen_name': 'darkthanos', 'name': 'Esquizofrenia Natural', 'id': '178072113'}]				
1333145854471966730	1333145854471966730	2020-11-29 15:28:35 -05	2020-11-29	15:28:35	-0500	58046607	procesodigital	Proceso Digital		#COVID Francia registra 198 muertos por coronavirus y casi 10,000 casos en un d√≠a  https://t.co/UnkX7Bp2It	es	[]	['https://bit.ly/3ojQdVh']	[]	0	0	2	['covid']	[]	https://twitter.com/ProcesoDigital/status/1333145854471966730	False		0		Honduras,Tegucigalpa						[]				
1333094920123510784	1333081529661214720	2020-11-29 12:06:11 -05	2020-11-29	12:06:11	-0500	271621234	aryenriqueavila	Ary Enrique √Åvila üá≠üá≥		@Fabricio_SOA @TurbulentoEl La vrd es que esos casos ya lo perdimos cuando se aprob√≥ el codigo penal y se llevaron a la maccih. Hasta Pandora pas√≥ desapercibido...	es	[]	[]	[]	0	0	0	[]	[]	https://twitter.com/AryEnriqueAvila/status/1333094920123510784	False		0		Honduras,Tegucigalpa						[{'screen_name': 'Fabricio_SOA', 'name': 'Fabricio Rivera', 'id': '1305919735826186240'}, {'screen_name': 'TurbulentoEl', 'name': 'xxx El TURBULENTO XXX', 'id': '1256683596494053378'}]				
1333034777214148610	1332859764624269313	2020-11-29 08:07:12 -05	2020-11-29	08:07:12	-0500	50879461	dina_ayala	Elizabeth ‚ú®		@aleernestom No son casos exclusivos de Honduras, de hecho el caso m√°s reciente que tengo es de alguien en un pa√≠s con econom√≠a de primer mundo... O ser√° que podes sacar a la persona del tercer mundo pero nunca el tercer mundo de la persona? Quiz√°.	es	[]	[]	[]	1	0	0	[]	[]	https://twitter.com/Dina_Ayala/status/1333034777214148610	False		0		Honduras,Tegucigalpa						[{'screen_name': 'aleernestom', 'name': 'Alejandro M√©ndez', 'id': '478187939'}]				
1332900295274270721	1332900295274270721	2020-11-28 23:12:49 -05	2020-11-28	23:12:49	-0500	1321206809613488129	extradigitalhn	Extra Digital HN		CIFRA ALARMANTE! Honduras ya suma 107,513 casos de Covid-19  https://t.co/ZSC7avAzbB	es	[]	['https://extradigital.hn/2020/11/28/cifra-alarmante-honduras-ya-suma-107513-casos-de-covid-19/']	[]	0	0	0	[]	[]	https://twitter.com/extradigitalhn/status/1332900295274270721	False		0		Honduras,Tegucigalpa						[]				
1332899511203749888	1332899511203749888	2020-11-28 23:09:42 -05	2020-11-28	23:09:42	-0500	271621234	aryenriqueavila	Ary Enrique √Åvila üá≠üá≥		Man, o sea, la MACCIH ya se fue, todos sus casos van a quedar impunes... Por eso esto no es noticia. Noticia ser√≠a ver a un diputado preso o q Joh extraditado,ya que eso si ser√≠a inesperado.	es	[]	[]	[]	0	0	1	[]	[]	https://twitter.com/AryEnriqueAvila/status/1332899511203749888	False	https://twitter.com/radioamericahn/status/1332894840061882374	0		Honduras,Tegucigalpa						[]				
1332892669039800326	1332892669039800326	2020-11-28 22:42:30 -05	2020-11-28	22:42:30	-0500	58046607	procesodigital	Proceso Digital		Autoridades confirman 379 casos de COVID-19 sumando un total de 107,513 a nivel nacional. #Honduras #TuSaludEst√°EnTusMano  https://t.co/UeFvtbgIoU	es	[]	[]	['https://pbs.twimg.com/media/En9i0ZxXMAA9gQ2.jpg']	0	0	1	['honduras', 'tusaludest√°entusmano']	[]	https://twitter.com/ProcesoDigital/status/1332892669039800326	False		1	https://pbs.twimg.com/media/En9i0ZxXMAA9gQ2.jpg	Honduras,Tegucigalpa						[]				
1332786372810334209	1332786372810334209	2020-11-28 15:40:07 -05	2020-11-28	15:40:07	-0500	1289658651423182849	girasol_tv	Girasol TV		#Nacional | Coronavirus en Honduras: Los casos se elevan a 107.134 con 453 nuevos contagios .  Ver:  https://t.co/OIdtXLfu26  #GirasolMedios	es	[]	['http://ow.ly/ENBZ50Cxale']	[]	0	0	0	['nacional', 'girasolmedios']	[]	https://twitter.com/girasol_tv/status/1332786372810334209	False		0		Honduras,Tegucigalpa						[]				
1332766078351577088	1332766078351577088	2020-11-28 14:19:29 -05	2020-11-28	14:19:29	-0500	58046607	procesodigital	Proceso Digital		#PANDEMIA Francia suma 12,580 casos y 213 muertos por coronavirus en un d√≠a  https://t.co/qH8xxhpRPi	es	[]	['https://bit.ly/3o4Ou5N']	[]	0	0	0	['pandemia']	[]	https://twitter.com/ProcesoDigital/status/1332766078351577088	False		0		Honduras,Tegucigalpa						[]				
1332763536137859075	1332763536137859075	2020-11-28 14:09:23 -05	2020-11-28	14:09:23	-0500	1687083499	vocerop	El Informativo HN		Los casos de covid-19 se elevan a 107.134 con 453 nuevos contagios... Lea aqu√≠  https://t.co/Z3d3W7ubib	es	[]	['https://www.elinformativo.hn/archivos/89531']	[]	0	0	0	[]	[]	https://twitter.com/VoceroP/status/1332763536137859075	False		0		Honduras,Tegucigalpa						[]				
1332734208293408772	1332734208293408772	2020-11-28 12:12:50 -05	2020-11-28	12:12:50	-0500	58046607	procesodigital	Proceso Digital		#SALUD Italia registra 26,323 casos y 686 muertos y no relajar√° medidas en Navidad  https://t.co/b4IhQwO51R  https://t.co/vSfU8gJSZA	es	[]	['https://bit.ly/37dq8Ag']	['https://pbs.twimg.com/media/En7SsmlXcAY_Lme.jpg']	0	0	2	['salud']	[]	https://twitter.com/ProcesoDigital/status/1332734208293408772	False		1	https://pbs.twimg.com/media/En7SsmlXcAY_Lme.jpg	Honduras,Tegucigalpa						[]				
1332703294033178624	1332691734363561984	2020-11-28 10:10:00 -05	2020-11-28	10:10:00	-0500	1330230913586884611	jorgelopezhon	George X R		@darocohn @jeffgernst Esta es la clase de periodistas q tenemos, ignorantes acaso el procedimiento en estos casos es la c√°rcel? Lo que cabe es decomiso del dinero multa y si luego puede justificar se devuelve el dinero, deben investigar antes de emitir opiniones	es	[]	[]	[]	0	0	1	[]	[]	https://twitter.com/jorgelopezhon/status/1332703294033178624	False		0		Honduras,Tegucigalpa						[{'screen_name': 'darocohn', 'name': 'Dagoberto Rodr√≠guez Coello', 'id': '179302158'}, {'screen_name': 'jeffgernst', 'name': 'Jeff Ernst', 'id': '2912270932'}]				
1332689452158709762	1332689452158709762	2020-11-28 09:15:00 -05	2020-11-28	09:15:00	-0500	17548080	diarioelheraldo	Diario El Heraldo		La jefa de Gobierno de la Ciudad de M√©xico anunci√≥ el viernes varias medidas para identificar los casos positivos de covid-19  #pandemia #coronavirus #COVID19 #mexico   https://t.co/3zyIaUBzqR	es	[]	['https://www.elheraldo.hn/mundo/1425509-466/ciudad-de-m%C3%A9xico-duplica-esfuerzos-para-rastrear-casos-covid-19']	[]	0	0	2	['pandemia', 'coronavirus', 'covid19', 'mexico']	[]	https://twitter.com/diarioelheraldo/status/1332689452158709762	False		0		Honduras,Tegucigalpa						[]				
1332541836842426368	1332541836842426368	2020-11-27 23:28:25 -05	2020-11-27	23:28:25	-0500	58046607	procesodigital	Proceso Digital		#Panam√° sobrepasa los 161,000 casos y acumula 3,030 defunciones por COVID  https://t.co/Ft5Ee6ld8v	es	[]	['https://bit.ly/2JiHh3d']	[]	0	0	1	['panam√°']	[]	https://twitter.com/ProcesoDigital/status/1332541836842426368	False		0		Honduras,Tegucigalpa						[]				
1332528813138448386	1332528813138448386	2020-11-27 22:36:40 -05	2020-11-27	22:36:40	-0500	58046607	procesodigital	Proceso Digital		#SALUD Casos de COVID-19 llegan a 107 mil 134 con 453 nuevos contagios  https://t.co/bo3zus9Vlu  https://t.co/XQmlGlPlYl	es	[]	['https://bit.ly/36fLopA']	['https://pbs.twimg.com/media/En4X35PXIAE_pKx.jpg']	0	0	0	['salud']	[]	https://twitter.com/ProcesoDigital/status/1332528813138448386	False		1	https://pbs.twimg.com/media/En4X35PXIAE_pKx.jpg	Honduras,Tegucigalpa						[]				
1332522809386541056	1332522809386541056	2020-11-27 22:12:49 -05	2020-11-27	22:12:49	-0500	58046607	procesodigital	Proceso Digital		Autoridades confirman 453 casos de COVID-19 sumando un total de 107,134 a nivel nacional. #Honduras #TuSaludEst√°EnTusMano  https://t.co/uvEffeVDrV	es	[]	[]	['https://pbs.twimg.com/media/En4SbvDXMAEMFoc.jpg']	0	0	3	['honduras', 'tusaludest√°entusmano']	[]	https://twitter.com/ProcesoDigital/status/1332522809386541056	False		1	https://pbs.twimg.com/media/En4SbvDXMAEMFoc.jpg	Honduras,Tegucigalpa						[]				
1332521214187802624	1332521214187802624	2020-11-27 22:06:29 -05	2020-11-27	22:06:29	-0500	314228694	departamento19	Departamento19		Autoridades confirman 453 casos de COVID-19 sumando un total de 107,134 a nivel nacional. #Honduras #TuSaludEst√°EnTusMano  https://t.co/SRx0zgUoQK	es	[]	[]	['https://pbs.twimg.com/media/En4Q-eRXcAEqr9i.jpg']	0	0	0	['honduras', 'tusaludest√°entusmano']	[]	https://twitter.com/Departamento19/status/1332521214187802624	False		1	https://pbs.twimg.com/media/En4Q-eRXcAEqr9i.jpg	Honduras,Tegucigalpa						[]				
1332478233808412673	1332478233808412673	2020-11-27 19:15:41 -05	2020-11-27	19:15:41	-0500	58046607	procesodigital	Proceso Digital		#COVID19 - Casos de coronavirus suben en Nueva York a n√∫meros no vistos desde abril  https://t.co/TJADOEBofJ	es	[]	['https://bit.ly/3o4k3gg']	[]	0	0	0	['covid19']	[]	https://twitter.com/ProcesoDigital/status/1332478233808412673	False		0		Honduras,Tegucigalpa						[]				
1332475794921238528	1332475794921238528	2020-11-27 19:06:00 -05	2020-11-27	19:06:00	-0500	450193417	mariajosegamez2	MJ		Creo que me ech√© la chromebox de tanto mandar casos üòî	es	[]	[]	[]	0	0	0	[]	[]	https://twitter.com/mariajosegamez2/status/1332475794921238528	False		0		Honduras,Tegucigalpa						[]				
1332468044975714306	1332465223152914434	2020-11-27 18:35:12 -05	2020-11-27	18:35:12	-0500	271621234	aryenriqueavila	Ary Enrique √Åvila üá≠üá≥		@Opinion63941016 Mire cuando usted encuentra estos casos, es posible que bien se lo hayan metido en la maleta, pero por eso hay camaras de alta seguridad en los aeropuertos, de alta resolucion uy en algunos paises con deteccino facial.	es	[]	[]	[]	1	0	0	[]	[]	https://twitter.com/AryEnriqueAvila/status/1332468044975714306	False		0		Honduras,Tegucigalpa						[{'screen_name': 'Opinion63941016', 'name': 'Opiniones', 'id': '1248096794518618112'}]				
1332452270672318465	1332452270672318465	2020-11-27 17:32:31 -05	2020-11-27	17:32:31	-0500	18317013	anaveronicahn	Ana Ver√≥nica | #ProhibidoOlvidar		Con esa arremancina y gritadera que se tienen en el aeropuerto los colegas, fijo salen varios casos Covid19 positivo.	es	[]	[]	[]	0	1	8	[]	[]	https://twitter.com/anaveronicahn/status/1332452270672318465	False		0		Honduras,Tegucigalpa						[]				
1332440378973118464	1332440378973118464	2020-11-27 16:45:16 -05	2020-11-27	16:45:16	-0500	94437807	hondudiario	Hondudiario.com		En 47 semanas Francisco Moraz√°n registra m√°s de 8 mil casos de dengue -  https://t.co/lwufMYPf2p  https://t.co/KbLq0UE9O5	es	[]	['https://bit.ly/3fIFa4F']	['https://pbs.twimg.com/media/En3HdrOUUAAbhdx.jpg']	0	1	2	[]	[]	https://twitter.com/hondudiario/status/1332440378973118464	False		1	https://pbs.twimg.com/media/En3HdrOUUAAbhdx.jpg	Honduras,Tegucigalpa						[]				
1332421295112400896	1332421295112400896	2020-11-27 15:29:26 -05	2020-11-27	15:29:26	-0500	314228694	departamento19	Departamento19		#DDHH / La #pandemia supera los 60 millones de casos, con una mortalidad a√∫n muy alta  #Departamento19HN  https://t.co/Qpo8ye2Yp6	es	[]	['https://departamento19.hn/la-pandemia-supera-los-60-millones-de-casos-con-una-mortalidad-aun-muy-alta/']	[]	0	0	0	['ddhh', 'pandemia', 'departamento19hn']	[]	https://twitter.com/Departamento19/status/1332421295112400896	False		0		Honduras,Tegucigalpa						[]				
1332414410825011200	1332414410825011200	2020-11-27 15:02:05 -05	2020-11-27	15:02:05	-0500	58046607	procesodigital	Proceso Digital		#Francia registra 12,459 casos de COVID y 396 muertos en hospitales en un d√≠a  https://t.co/e89OoK7Zal	es	[]	['https://bit.ly/3o25YQh']	[]	0	1	0	['francia']	[]	https://twitter.com/ProcesoDigital/status/1332414410825011200	False		0		Honduras,Tegucigalpa						[]				
1332388888422342656	1332388888422342656	2020-11-27 13:20:40 -05	2020-11-27	13:20:40	-0500	58046607	procesodigital	Proceso Digital		Piden extremar medidas de limpieza ante el incremento de casos de dengue tras paso de fen√≥menos naturales  https://t.co/YSoXD6N7Ia  https://t.co/nOPfRfSQKA	es	[]	['https://bit.ly/33Ex9sX']	['https://pbs.twimg.com/media/En2YnxSW4AET-g0.jpg']	0	0	1	[]	[]	https://twitter.com/ProcesoDigital/status/1332388888422342656	False		1	https://pbs.twimg.com/media/En2YnxSW4AET-g0.jpg	Honduras,Tegucigalpa						[]				
1332384964126633985	1332330143650635776	2020-11-27 13:05:04 -05	2020-11-27	13:05:04	-0500	1136336391024140288	claudiagrhon	ClauGR		@Alex56843735 @GraceMa58044560 Asi es, sin reos al aire libre son casos que siempre se dan	es	[]	[]	[]	0	0	1	[]	[]	https://twitter.com/ClaudiaGRHon/status/1332384964126633985	False		0		Honduras,Tegucigalpa						[{'screen_name': 'Alex56843735', 'name': 'Los Ladrones de la raz√≥n', 'id': '1174185930187517952'}, {'screen_name': 'GraceMa58044560', 'name': 'Grace Mari√©', 'id': '1250663092595367936'}]				
1332371255958310915	1332371255958310915	2020-11-27 12:10:36 -05	2020-11-27	12:10:36	-0500	58046607	procesodigital	Proceso Digital		#ACTUALIDAD / Francisco Moraz√°n acumula casi 8 mil casos de dengue en 47 semanas  https://t.co/rk7ImFM6Ca  #ProcesoDigital  https://t.co/WtiTBLczO1	es	[]	['https://bit.ly/2HJnMAn']	['https://pbs.twimg.com/media/En2Il85W8AgbIS9.jpg']	0	0	2	['actualidad', 'procesodigital']	[]	https://twitter.com/ProcesoDigital/status/1332371255958310915	False		1	https://pbs.twimg.com/media/En2Il85W8AgbIS9.jpg	Honduras,Tegucigalpa						[]				
1332362001142706181	1332362001142706181	2020-11-27 11:33:49 -05	2020-11-27	11:33:49	-0500	58046607	procesodigital	Proceso Digital		#ALDIA La pandemia supera los 60 millones de casos, con una mortalidad a√∫n muy alta  https://t.co/YMPPwwI6yT	es	[]	['https://bit.ly/2JhovJl']	[]	0	0	1	['aldia']	[]	https://twitter.com/ProcesoDigital/status/1332362001142706181	False		0		Honduras,Tegucigalpa						[]				
1332349153071001601	1332349153071001601	2020-11-27 10:42:46 -05	2020-11-27	10:42:46	-0500	1687083499	vocerop	El Informativo HN		Los casos de covid-19 se elevan a 106.681 con 565 nuevos contagios ‚Äì El  https://t.co/lAc4C7HmSV  https://t.co/2c5CO7uRum	es	[]	['http://informativo.hn', 'https://www.elinformativo.hn/archivos/89498']	[]	0	0	0	[]	[]	https://twitter.com/VoceroP/status/1332349153071001601	False		0		Honduras,Tegucigalpa						[]				
1332341417985908736	1332341417985908736	2020-11-27 10:12:02 -05	2020-11-27	10:12:02	-0500	701587072398667776	waldoriverap	WaldoRivera		Mandando mensajes positivos.   Positivo ser√≠a que este gobierno pronto se acabe.  Positivo ser√≠a que el MP informara c√≥mo van las investigaciones en casos de corrupci√≥n  Positivo ser√≠a que la CSJ dejara de amparar a diputados pandoros y su jefe.  Ser√≠a + que se vaya Ali Baba y 50	es	[]	[]	[]	0	2	18	[]	[]	https://twitter.com/waldoriverap/status/1332341417985908736	False		0		Honduras,Tegucigalpa						[]				
1332317098949959680	1332317095623872518	2020-11-27 08:35:24 -05	2020-11-27	08:35:24	-0500	326894201	miguebrice	Soy 504 Miguel Brice√±o		y muchos que s√≥lo les interesa estar c√≥modos en una curul en el congreso nacional o silla en una corporaci√≥n municipal. Como siempre el MP NO ACT√öA pues son activistas, no profesionales, en los casos de sus socios, c√≥mplices narcotraficantes, criminales SON CIEGOS, SORDOS Y MUDOS	es	[]	[]	[]	0	1	13	[]	[]	https://twitter.com/Miguebrice/status/1332317098949959680	False		0		Honduras,Tegucigalpa						[]				
1332300788153126918	1332300788153126918	2020-11-27 07:30:35 -05	2020-11-27	07:30:35	-0500	972804638	televicentrohn	Televicentro HN		Para las pr√≥ximas semanas, el m√©dico indica que se esperan m√°s de 3,000 a 4,000 casos positivos en Honduras.  https://t.co/ISGQntYS2s	es	[]	['https://www.tunota.com/francisco-morazan-se-convierte-en-epicentro-del-covid-positividad-nacional-es-de-41-por-ciento-revela-doctor-omar-videa?fbclid=IwAR1EBPQrOTwa6vvd4VVGsKAdUIhyY97kcMHLZnxRLDogqaufWModOjev9Ho']	[]	0	0	1	[]	[]	https://twitter.com/televicentrohn/status/1332300788153126918	False		0		Honduras,Tegucigalpa						[]				
1332199428040630273	1332195269581168642	2020-11-27 00:47:49 -05	2020-11-27	00:47:49	-0500	91138777	edisonjose_	Edison Mart√≠nez		@MACAndino75 Debatible, en algunos casos. Con un par, lo hablamos pronto	es	[]	[]	[]	0	0	1	[]	[]	https://twitter.com/edisonjose_/status/1332199428040630273	False		0		Honduras,Tegucigalpa						[{'screen_name': 'MACAndino75', 'name': 'MACA', 'id': '632582217'}]				
1332196770240225281	1332175407861420032	2020-11-27 00:37:15 -05	2020-11-27	00:37:15	-0500	211393610	yoelmasizo	√Ü		@DenisMeher @SoyEdSosa777 Hay cientos de casos. Y el FBI y la CIA y demas se hacen los pendejos porque ellos tambi√©n est√°n metidos en la cochinada... Ser√° una batalla √©pica la que pelear√° Trump en las pr√≥ximas semanas.  https://t.co/2W16dHFwX7	es	[]	[]	['https://pbs.twimg.com/media/Enzp5ehWMAEadnW.jpg']	3	0	2	[]	[]	https://twitter.com/yoelmasizo/status/1332196770240225281	False		1	https://pbs.twimg.com/media/Enzp5ehWMAEadnW.jpg	Honduras,Tegucigalpa						[{'screen_name': 'DenisMeher', 'name': 'Denis Hern√°ndez', 'id': '240434179'}, {'screen_name': 'SoyEdSosa777', 'name': '·¥¥·µí‚Åø·µà·µò ≥·µâ√±·µí ·¥æ·µí ≥ ·¥∫·µÉ·∂ú‚Å±·µê‚Å±·µâ‚Åø·µó·µí  ∏ ·∂ú·µí‚Åø·µõ‚Å±·∂ú·∂ú‚Å±√≥‚Åø', 'id': '936089296133505024'}]				
1332194022320975875	1332175407861420032	2020-11-27 00:26:20 -05	2020-11-27	00:26:20	-0500	211393610	yoelmasizo	√Ü		@DenisMeher @SoyEdSosa777 Uno de muchos casos m√°s.  https://t.co/Xotf96vAcZ	es	[]	[]	['https://pbs.twimg.com/media/EnznZjfXIAAzWeO.jpg']	2	1	2	[]	[]	https://twitter.com/yoelmasizo/status/1332194022320975875	False		1	https://pbs.twimg.com/media/EnznZjfXIAAzWeO.jpg	Honduras,Tegucigalpa						[{'screen_name': 'DenisMeher', 'name': 'Denis Hern√°ndez', 'id': '240434179'}, {'screen_name': 'SoyEdSosa777', 'name': '·¥¥·µí‚Åø·µà·µò ≥·µâ√±·µí ·¥æ·µí ≥ ·¥∫·µÉ·∂ú‚Å±·µê‚Å±·µâ‚Åø·µó·µí  ∏ ·∂ú·µí‚Åø·µõ‚Å±·∂ú·∂ú‚Å±√≥‚Åø', 'id': '936089296133505024'}]				
1332169316683440129	1332169316683440129	2020-11-26 22:48:10 -05	2020-11-26	22:48:10	-0500	1270290389321342976	h24news_hn	H24 News Honduras		Para las pr√≥ximas semanas, el m√©dico indica que se esperan m√°s de 3,000 a 4,000 casos positivos en Honduras #Actualidad  https://t.co/r7EM4YRqnv	es	[]	['https://hn.h24.news/dOD']	[]	0	0	0	['actualidad']	[]	https://twitter.com/h24news_hn/status/1332169316683440129	False		0		Honduras,Tegucigalpa						[]				
1332167685002698755	1332167685002698755	2020-11-26 22:41:41 -05	2020-11-26	22:41:41	-0500	972804638	televicentrohn	Televicentro HN		Para las pr√≥ximas semanas, el m√©dico indica que se esperan m√°s de 3,000 a 4,000 casos positivos en Honduras  https://t.co/ef0MyOXeo6	es	[]	['https://www.tunota.com/francisco-morazan-se-convierte-en-epicentro-del-covid-positividad-nacional-es-de-41-por-ciento-revela-doctor-omar-videa']	[]	1	1	1	[]	[]	https://twitter.com/televicentrohn/status/1332167685002698755	False		0		Honduras,Tegucigalpa						[]				
1332140581003423744	1332140581003423744	2020-11-26 20:53:59 -05	2020-11-26	20:53:59	-0500	58046607	procesodigital	Proceso Digital		Autoridades confirman 565 casos de COVID-19 sumando un total de 106,681 a nivel nacional. #Honduras #TuSaludEst√°EnTusMano  https://t.co/m00FXZCEO1	es	[]	[]	['https://pbs.twimg.com/media/Eny2zGdWEAcn1bm.jpg']	0	0	2	['honduras', 'tusaludest√°entusmano']	[]	https://twitter.com/ProcesoDigital/status/1332140581003423744	False		1	https://pbs.twimg.com/media/Eny2zGdWEAcn1bm.jpg	Honduras,Tegucigalpa						[]				
1332137653756637184	1332137653756637184	2020-11-26 20:42:21 -05	2020-11-26	20:42:21	-0500	747265276207476736	chtvhn	chtvhn		#Actualizaci√≥n casos #covid19 en #Honduras  https://t.co/TuKYzswcCo	es	[]	[]	['https://pbs.twimg.com/media/Eny0IkiWEAQEjJ4.jpg']	0	0	0	['actualizaci√≥n', 'covid19', 'honduras']	[]	https://twitter.com/CHTVHN/status/1332137653756637184	False		1	https://pbs.twimg.com/media/Eny0IkiWEAQEjJ4.jpg	Honduras,Tegucigalpa						[]				
1332115671384088578	1332115671384088578	2020-11-26 19:15:00 -05	2020-11-26	19:15:00	-0500	17548080	diarioelheraldo	Diario El Heraldo		Las cifras de casos confirmados y muertes por la segunda ola de covid-19 en Espa√±a siguen disminuyendo  #Mundo #Espa√±a #COVID19 #Coronavirus    https://t.co/2JvSMZEBIZ	es	[]	['https://www.elheraldo.hn/mundo/1425283-466/cifras-de-casos-y-muertes-por-covid-19-disminuyen-en-espa%C3%B1a']	[]	0	1	4	['mundo', 'espa√±a', 'covid19', 'coronavirus']	[]	https://twitter.com/diarioelheraldo/status/1332115671384088578	False		0		Honduras,Tegucigalpa						[]				
1332054223937302528	1332054223937302528	2020-11-26 15:10:50 -05	2020-11-26	15:10:50	-0500	58046607	procesodigital	Proceso Digital		#ACTUALIDAD Francia suma 13,563 casos y 340 muertes por COVID-19 en un d√≠a  https://t.co/sra8pazNTl	es	[]	['https://bit.ly/33n5exc']	[]	0	0	1	['actualidad']	[]	https://twitter.com/ProcesoDigital/status/1332054223937302528	False		0		Honduras,Tegucigalpa						[]				
1331996146877800448	1331996146877800448	2020-11-26 11:20:03 -05	2020-11-26	11:20:03	-0500	2314295803	lasmananasdel5	Las Ma√±anas del 5		As√≠ incrementan los casos de dengue en Honduras.üëáüèºüá≠üá≥  https://t.co/Fssh9PMO2B	es	[]	['https://www.tunota.com/de-3-a-5-casos-de-dengue-se-registran-diariamente-en-honduras-asegura-medico']	[]	0	0	0	[]	[]	https://twitter.com/lasmananasdel5/status/1331996146877800448	False		0		Honduras,Tegucigalpa						[]				
1331985723101163525	1331985723101163525	2020-11-26 10:38:38 -05	2020-11-26	10:38:38	-0500	39412506	amadorgalvez	Leonardo Amador		Me gustar√≠a saber si #Honduras con la compra de las vacunas de #covid19 ha considerado que tres meses despu√©s se requieren refuerzos una vacuna m√°s (eso indican la mayor√≠a de los fabricantes) y que en algunos casos se deben de resguardar a -80C grados ü§î	es	[]	[]	[]	1	0	1	['honduras', 'covid19']	[]	https://twitter.com/amadorgalvez/status/1331985723101163525	False		0		Honduras,Tegucigalpa						[]				
1331965466844258311	1331965466844258311	2020-11-26 09:18:08 -05	2020-11-26	09:18:08	-0500	374134409	josemoises1988	Jos√© Mois√©s Machado		@ca_acosta @fervarelahn Un comentario serio de mi parte eso de ser SugarMommy o SugarDaddy es una forma elegante para cubrir y dejar de decir prostituci√≥n y hasta pedofilia en algunos casos.   #DigoNadaMas	es	[{'screen_name': 'fervarelahn', 'name': 'fer varela', 'id': '327735868'}]	[]	[]	0	0	0	['digonadamas']	[]	https://twitter.com/JoseMoises1988/status/1331965466844258311	False		0		Honduras,Tegucigalpa						[]				
1331865284756594690	1331865284756594690	2020-11-26 02:40:03 -05	2020-11-26	02:40:03	-0500	972804638	televicentrohn	Televicentro HN		El doctor menciona que el aumento de casos de dengue puede ser debido al paso de las tormentas tropicales Eta e Iota por Honduras.  https://t.co/x2wxp5F1fE	es	[]	['https://www.tunota.com/de-3-a-5-casos-de-dengue-se-registran-diariamente-en-honduras-asegura-medico']	[]	0	1	1	[]	[]	https://twitter.com/televicentrohn/status/1331865284756594690	False		0		Honduras,Tegucigalpa						[]				
1331846582355042304	1331846582355042304	2020-11-26 01:25:44 -05	2020-11-26	01:25:44	-0500	1270290389321342976	h24news_hn	H24 News Honduras		Seg√∫n la OMS, en la √∫ltima semana el n√∫mero de casos reportados en Europa baj√≥ alrededor de un 6%, tras la bajada del 10% registrada la semana anterior #TipoperiodismoEstandar #Covid19 #Relentiza  https://t.co/NGq4d4RV9q	es	[]	['https://hn.h24.news/GAL']	[]	0	0	0	['tipoperiodismoestandar', 'covid19', 'relentiza']	[]	https://twitter.com/h24news_hn/status/1331846582355042304	False		0		Honduras,Tegucigalpa						[]				
1331840109625417733	1331840109625417733	2020-11-26 01:00:01 -05	2020-11-26	01:00:01	-0500	17548080	diarioelheraldo	Diario El Heraldo		Seg√∫n la OMS, en la √∫ltima semana el n√∫mero de casos reportados en Europa baj√≥ alrededor de un 6%, tras la bajada del 10% registrada la semana anterior  #OMS #COVID19 #Mundo    https://t.co/LtWtc7mC9d	es	[]	['https://www.elheraldo.hn/mundo/1424821-466/pandemia-coronavirus-ralentiza-europa-dice-oms']	[]	0	0	1	['oms', 'covid19', 'mundo']	[]	https://twitter.com/diarioelheraldo/status/1331840109625417733	False		0		Honduras,Tegucigalpa						[]				
1331836880749555712	1331836880749555712	2020-11-26 00:47:11 -05	2020-11-26	00:47:11	-0500	797612234247729153	primiciahn	Primicia Honduras		Honduras registra 544 nuevos casos de COVID-19 #Noticias #PrimiciaHonduras ‚ñ∫ Leer m√°s:  https://t.co/3KKyiZgeb8	es	[]	['https://bit.ly/2JinwsA']	[]	0	0	0	['noticias', 'primiciahonduras']	[]	https://twitter.com/primiciahn/status/1331836880749555712	False		0		Honduras,Tegucigalpa						[]				
1331836330737762304	1331836330737762304	2020-11-26 00:45:00 -05	2020-11-26	00:45:00	-0500	17548080	diarioelheraldo	Diario El Heraldo		#Gr√°ficos üìàüìà De una persona a tres, pero de tres a nueve, luego de nueve a 27... y aqu√≠ viene la explosi√≥n de casos: de 27 a 81, de 81 a 243, de 243 a 729, de 729 a 2,187... ¬°2,187!  #pandemia #Honduras #coronavirus #COVID19 #UnidadDeDatosELHERALDO    https://t.co/ClkvVQ4qAW	es	[]	['https://www.elheraldo.hn/elheraldodata/1403044-528/covid-19-velocidad-r0-honduras']	[]	0	0	1	['gr√°ficos', 'pandemia', 'honduras', 'coronavirus', 'covid19', 'unidaddedatoselheraldo']	[]	https://twitter.com/diarioelheraldo/status/1331836330737762304	False		0		Honduras,Tegucigalpa						[]				
1331815098801852419	1331815098801852419	2020-11-25 23:20:38 -05	2020-11-25	23:20:38	-0500	17548080	diarioelheraldo	Diario El Heraldo		Honduras ya suma 106,116 casos de coronavirus, seg√∫n las autoridades del Sinager   #Honduras #pandemia #coronavirus #COVID19 #Comparte  https://t.co/slI68JOBRF	es	[]	[]	['https://pbs.twimg.com/media/EnuOxLCXcAAadOl.jpg']	0	0	0	['honduras', 'pandemia', 'coronavirus', 'covid19', 'comparte']	[]	https://twitter.com/diarioelheraldo/status/1331815098801852419	False		1	https://pbs.twimg.com/media/EnuOxLCXcAAadOl.jpg	Honduras,Tegucigalpa						[]				
1331803073883287553	1331803073883287553	2020-11-25 22:32:51 -05	2020-11-25	22:32:51	-0500	1289658651423182849	girasol_tv	Girasol TV		#Internacional | Casos de coronavirus en el mundo superan los 60 millones: recuento de Reuters.  Ver:  https://t.co/9sVpgOUbvx  #GirasolMedios	es	[]	['http://ow.ly/ROMJ50CviDQ']	[]	0	0	0	['internacional', 'girasolmedios']	[]	https://twitter.com/girasol_tv/status/1331803073883287553	False		0		Honduras,Tegucigalpa						[]				
1331797341712551937	1331797341712551937	2020-11-25 22:10:04 -05	2020-11-25	22:10:04	-0500	972804638	televicentrohn	Televicentro HN		El doctor menciona que el aumento de casos de dengue puede ser debido al paso de las tormentas tropicales Eta e Iota por Honduras  https://t.co/x2wxp5F1fE	es	[]	['https://www.tunota.com/de-3-a-5-casos-de-dengue-se-registran-diariamente-en-honduras-asegura-medico']	[]	0	0	1	[]	[]	https://twitter.com/televicentrohn/status/1331797341712551937	False		0		Honduras,Tegucigalpa						[]				
1331795358104555520	1331795358104555520	2020-11-25 22:02:11 -05	2020-11-25	22:02:11	-0500	58046607	procesodigital	Proceso Digital		#HONDURAS Los casos de COVID-19 se elevan a 106 mil 116 con 544 nuevos contagios  https://t.co/KXrmN0s1VE  https://t.co/At4mnzLXGC	es	[]	['https://bit.ly/372clw0']	['https://pbs.twimg.com/media/Ent8zC9W8AEkiFJ.jpg']	0	0	3	['honduras']	[]	https://twitter.com/ProcesoDigital/status/1331795358104555520	False		1	https://pbs.twimg.com/media/Ent8zC9W8AEkiFJ.jpg	Honduras,Tegucigalpa						[]				
1331794640081727489	1331794640081727489	2020-11-25 21:59:20 -05	2020-11-25	21:59:20	-0500	1289658651423182849	girasol_tv	Girasol TV		#Internacional | Venezuela registra 319 casos y 4 decesos por COVID-19.  Ver:  https://t.co/u3kUkBHo5J  #GirasolMedios	es	[]	['http://ow.ly/r5Og50Cvi2k']	[]	0	0	0	['internacional', 'girasolmedios']	[]	https://twitter.com/girasol_tv/status/1331794640081727489	False		0		Honduras,Tegucigalpa						[]				
1331791157379129344	1331791157379129344	2020-11-25 21:45:30 -05	2020-11-25	21:45:30	-0500	1687083499	vocerop	El Informativo HN		544 nuevos casos de  personas infectadas por la COVID-19 reporta para este d√≠a el SINAGER.  https://t.co/hcBpVdc1A1	es	[]	[]	['https://pbs.twimg.com/media/Ent4_Z3XcAIDYdW.jpg']	0	0	0	[]	[]	https://twitter.com/VoceroP/status/1331791157379129344	False		1	https://pbs.twimg.com/media/Ent4_Z3XcAIDYdW.jpg	Honduras,Tegucigalpa						[]				
1331781008828534785	1331781008828534785	2020-11-25 21:05:10 -05	2020-11-25	21:05:10	-0500	58046607	procesodigital	Proceso Digital		Autoridades confirman 544 casos de COVID-19 sumando un total de 106,116 a nivel nacional. #Honduras #TuSaludEst√°EnTusMano  https://t.co/tiBP41atRb	es	[]	[]	['https://pbs.twimg.com/media/EntvxQfXEAEKyb2.jpg']	0	0	1	['honduras', 'tusaludest√°entusmano']	[]	https://twitter.com/ProcesoDigital/status/1331781008828534785	False		1	https://pbs.twimg.com/media/EntvxQfXEAEKyb2.jpg	Honduras,Tegucigalpa						[]				
1331736220938997762	1331736220938997762	2020-11-25 18:07:12 -05	2020-11-25	18:07:12	-0500	58046607	procesodigital	Proceso Digital		#ALDIA Brasil registra 654 muertes y 47.898 casos por covid en las √∫ltimas 24 horas  https://t.co/xMW8eNXo6z	es	[]	['https://bit.ly/3fHIddy']	[]	0	0	0	['aldia']	[]	https://twitter.com/ProcesoDigital/status/1331736220938997762	False		0		Honduras,Tegucigalpa						[]				
1331717627090268163	1331717627090268163	2020-11-25 16:53:19 -05	2020-11-25	16:53:19	-0500	1687083499	vocerop	El Informativo HN		Casos de covid-19 aumentan a 105.572 con 361 nuevos contagios ‚Äì El  https://t.co/lAc4C7HmSV  https://t.co/EVhl540w9C	es	[]	['http://informativo.hn', 'https://www.elinformativo.hn/archivos/89430']	[]	0	0	0	[]	[]	https://twitter.com/VoceroP/status/1331717627090268163	False		0		Honduras,Tegucigalpa						[]				
1331712977918189580	1331712977918189580	2020-11-25 16:34:50 -05	2020-11-25	16:34:50	-0500	1238142052296282117	eduardoelvir007	Eduardo Elvir		ARTICULO 121.- Los padres est√°n obligados a alimentar, asistir y educar a sus hijos durante la minor√≠a de edad, y en los dem√°s casos en que legalmente proceda. @geovapd #ProyectoTemis	es	[{'screen_name': 'geovapd', 'name': 'geovanny dominguez', 'id': '97766946'}]	[]	[]	0	0	2	['proyectotemis']	[]	https://twitter.com/EduardoElvir007/status/1331712977918189580	False		0		Honduras,Tegucigalpa						[]				
1331692303212294145	1331692303212294145	2020-11-25 15:12:41 -05	2020-11-25	15:12:41	-0500	58046607	procesodigital	Proceso Digital		#ALDIA Guatemala suma 4,107 muertes por la COVID-19 y 119,989 casos desde marzo  https://t.co/SIFlEJSHFD	es	[]	['https://bit.ly/3o1eZt3']	[]	0	0	0	['aldia']	[]	https://twitter.com/ProcesoDigital/status/1331692303212294145	False		0		Honduras,Tegucigalpa						[]				
1331681155540725760	1331681155540725760	2020-11-25 14:28:23 -05	2020-11-25	14:28:23	-0500	1321206809613488129	extradigitalhn	Extra Digital HN		El mundo supera los 60 millones de casos de Covid-19  https://t.co/RgtojD5vk7	es	[]	['https://extradigital.hn/2020/11/25/el-mundo-supera-los-60-millones-de-casos-de-covid-19/']	[]	0	0	0	[]	[]	https://twitter.com/extradigitalhn/status/1331681155540725760	False		0		Honduras,Tegucigalpa						[]				
1331654163709775874	1331654163709775874	2020-11-25 12:41:08 -05	2020-11-25	12:41:08	-0500	53966159	anagarciacarias	Ana Garc√≠a de Hern√°ndez		Represent√© a @JuanOrlandoH en lanzamiento de plataforma virtual: ‚ÄúConecta con tu seguridad y protecci√≥n‚Äù,  dise√±ada para atender de manera remota casos de violencia contra las mujeres #Honduras; y como respuesta al aumento de denuncias por violencia, durante la pandemia.  https://t.co/0C5De9V83e	es	[{'screen_name': 'juanorlandoh', 'name': 'juan orlando h.', 'id': '58244743'}]	[]	['https://pbs.twimg.com/media/Enr8ZsYW8AM2Vvn.jpg', 'https://pbs.twimg.com/media/Enr8ZsXXYAQN2rM.jpg', 'https://pbs.twimg.com/media/Enr8ZsZWMAEFp1s.jpg', 'https://pbs.twimg.com/media/Enr8ZsaW8AAb-B5.jpg']	24	17	44	['honduras']	[]	https://twitter.com/anagarciacarias/status/1331654163709775874	False		1	https://pbs.twimg.com/media/Enr8ZsYW8AM2Vvn.jpg	Honduras,Tegucigalpa						[]				
1331645509598126087	1331599824769179655	2020-11-25 12:06:44 -05	2020-11-25	12:06:44	-0500	1600094570	kevhinr	ricardo		@PJdeHonduras hip√≥critas, si cada d√≠a aumenta la mora judicial en los casos de las mujeres. ustedes no tienen voluntad para resolver las demandas de las mujeres.	es	[]	[]	[]	0	0	0	[]	[]	https://twitter.com/KevhinR/status/1331645509598126087	False		0		Honduras,Tegucigalpa						[{'screen_name': 'PJdeHonduras', 'name': 'Poder Judicial HN', 'id': '1175777743'}]				
1331641224994820096	1331641224994820096	2020-11-25 11:49:43 -05	2020-11-25	11:49:43	-0500	94437807	hondudiario	Hondudiario.com		Casos de Covid-19 superan los 59 millones a nivel mundial -  https://t.co/eCvkKmOSun  https://t.co/ezE0RsiaL5	es	[]	['https://bit.ly/33hbdUy']	['https://pbs.twimg.com/media/EnrwozAVoAItkA9.jpg']	0	0	2	[]	[]	https://twitter.com/hondudiario/status/1331641224994820096	False		1	https://pbs.twimg.com/media/EnrwozAVoAItkA9.jpg	Honduras,Tegucigalpa						[]				
1331634581456388097	1331634581456388097	2020-11-25 11:23:19 -05	2020-11-25	11:23:19	-0500	94437807	hondudiario	Hondudiario.com		Salud reporta un total de 23,217 casos de dengue a nivel nacional -  https://t.co/qOxnp8mvbd  https://t.co/mGGm0vbQGs	es	[]	['https://bit.ly/362824L']	['https://pbs.twimg.com/media/EnrqmGfUwAAZTjd.jpg']	0	0	0	[]	[]	https://twitter.com/hondudiario/status/1331634581456388097	False		1	https://pbs.twimg.com/media/EnrqmGfUwAAZTjd.jpg	Honduras,Tegucigalpa						[]				
1331631825257721859	1331631825257721859	2020-11-25 11:12:22 -05	2020-11-25	11:12:22	-0500	58046607	procesodigital	Proceso Digital		#COVID19 - Los casos globales superan los 59 millones, con casi 1.4 millones de muertes  https://t.co/1kh7AJgtz7	es	[]	['https://bit.ly/3q1qNNO']	[]	0	0	0	['covid19']	[]	https://twitter.com/ProcesoDigital/status/1331631825257721859	False		0		Honduras,Tegucigalpa						[]				
1331606063511121921	1331606063511121921	2020-11-25 09:30:00 -05	2020-11-25	09:30:00	-0500	17548080	diarioelheraldo	Diario El Heraldo		Seg√∫n la OMS, en la √∫ltima semana el n√∫mero de casos reportados en Europa baj√≥ alrededor de un 6%, tras la bajada del 10% registrada la semana anterior  #OMS #COVID19 #Mundo    https://t.co/LtWtc7mC9d	es	[]	['https://www.elheraldo.hn/mundo/1424821-466/pandemia-coronavirus-ralentiza-europa-dice-oms']	[]	0	0	2	['oms', 'covid19', 'mundo']	[]	https://twitter.com/diarioelheraldo/status/1331606063511121921	False		0		Honduras,Tegucigalpa						[]				
1331582725745233925	1331462299115261952	2020-11-25 07:57:16 -05	2020-11-25	07:57:16	-0500	339980479	javiercastroh	Javier Castro		@TefhaaF No todos son iguales,hay casos y son mas de los que creemos,inicia por la forma en que llegaron a tener ese cargo,aunque sea de un salario m√≠nimo, si fue por compadezco politico es corrupci√≥n,adem√°s la mayor√≠a aceptan puestos para los que no est√°n preparados y eso es CORRUPCI√ìN	es	[]	[]	[]	0	0	2	[]	[]	https://twitter.com/Javiercastroh/status/1331582725745233925	False		0		Honduras,Tegucigalpa						[{'screen_name': 'TefhaaF', 'name': 'not Tequila.', 'id': '296592989'}]				
1273684586258669569	1273684586258669569	2020-06-18 13:30:43 -05	2020-06-18	13:30:43	-0500	892489396221599746	fertilabh	FERTILABH	{'type': 'Point', 'coordinates': [14.09089, -87.191757]}	S√≠ntomas leves (80%) Un informe reciente de los Centros para el Control y la Prevenci√≥n de Enfermedades de China (CDC de China) (febrero de 2020) de m√°s de 70,000 pacientes con casos confirmados, diagnosticados,‚Ä¶  https://t.co/HD6EjrarzS	es	[]	['https://www.instagram.com/p/CBlievInQVA/?igshid=1qer2u1habpn6']	[]	0	0	0	[]	[]	https://twitter.com/fertilabh/status/1273684586258669569	False		0		Honduras,Tegucigalpa						[]				
1273540976930222081	1273540976930222081	2020-06-18 04:00:04 -05	2020-06-18	04:00:04	-0500	892489396221599746	fertilabh	FERTILABH	{'type': 'Point', 'coordinates': [14.09093945, -87.19164133]}	S√≠ntomas leves (80%) Un informe reciente de los Centros para el Control y la Prevenci√≥n de Enfermedades de China (CDC de China) (febrero de 2020) de m√°s de 70,000 pacientes con casos confirmados, diagnosticados,‚Ä¶  https://t.co/cP8qZE6YzA	es	[]	['https://www.instagram.com/p/CBkhLtznN7C/?igshid=1wrj01z0fy34f']	[]	0	0	0	[]	[]	https://twitter.com/fertilabh/status/1273540976930222081	False		0		Honduras,Tegucigalpa						[]				
1240440282241515525	1240440282241515525	2020-03-18 19:49:44 -05	2020-03-18	19:49:44	-0500	480059328	cruzsaulcruz	Saul #AG20		"Por si no lo sab√≠an que enfrente de la villa ol√≠mpica hay un asilo de ancianos llamado ""Salvador Aguirre"", no es conveniente poner el aislamiento de los posibles casos por esos lados, lo mejor es que habiliten el centro c√≠vico como Hospital.  https://t.co/63uqnC3BX2"	es	[]	[]	['https://pbs.twimg.com/media/ETbt2xkXYAEP5yi.jpg']	0	2	2	[]	[]	https://twitter.com/CruzSaulcruz/status/1240440282241515525	False		1	https://pbs.twimg.com/media/ETbt2xkXYAEP5yi.jpg	Honduras,Tegucigalpa						[]				
1240081160509755398	1240081160509755398	2020-03-17 20:02:42 -05	2020-03-17	20:02:42	-0500	331758971	addy_rodas	Addy DanielüëΩ	{'type': 'Point', 'coordinates': [14.07568412, -87.18697144]}	"El pasado 11 de Marzo se llev√≥ a cabo el foro: ""No son Casos Aislados, se llama PATRIARCADO"" en Conmemoraci√≥n al #8M. üíúüíö Grandes Profesionales, personas, Compa√±erxs y‚Ä¶  https://t.co/GhH90hiGo0"	es	[]	['https://www.instagram.com/p/B92xemSHkfbwOL0IwvUR_0pZSQPbI7hBG_uB-Q0/?igshid=21lwnlce8ao3']	[]	0	0	1	['8m']	[]	https://twitter.com/Addy_rodas/status/1240081160509755398	False		0		Honduras,Tegucigalpa						[]				
